(Block-name: Header)
(Block-expand: 0)
(Block-enable: 1)
M3 S12000
G4 P3
G0 Z10
(Block-name: Shape2DView001 [in,conventional,cw,cut:-2])
(Block-expand: 0)
(Block-enable: 1)
(pass -1.000000)
g0 z3
g0 x82.007931 y5.5
g1 z-1 f100
(entered)
g1 x83.992148 y5.5 z-1 f600
g1 x84.0157 y5.49963 z-1
g1 x84.031386 y5.49889 z-1
g1 x84.047043 y5.497658 z-1
g1 x84.062657 y5.495934 z-1
g1 x84.0782 y5.493722 z-1
g1 x84.093661 y5.491024 z-1
g1 x84.109047 y5.487838 z-1
g1 x84.124321 y5.484171 z-1
g1 x84.139462 y5.480029 z-1
g1 x84.154464 y5.475413 z-1
g1 x84.169327 y5.470325 z-1
g1 x84.184019 y5.464773 z-1
g1 x84.198526 y5.458764 z-1
g1 x84.212839 y5.452301 z-1
g1 x84.226933 y5.445397 z-1
g1 x84.240813 y5.438047 z-1
g1 x84.25446 y5.430263 z-1
g1 x84.267849 y5.422059 z-1
g1 x84.280977 y5.413435 z-1
g1 x84.293818 y5.404411 z-1
g1 x84.306375 y5.394982 z-1
g1 x84.318638 y5.385158 z-1
g1 x84.330576 y5.374962 z-1
g1 x84.342184 y5.364399 z-1
g1 x84.353466 y5.353466 z-1
g1 x84.364399 y5.342184 z-1
g1 x84.374962 y5.330576 z-1
g1 x84.385158 y5.318638 z-1
g1 x84.394982 y5.306375 z-1
g1 x84.40441 y5.293818 z-1
g1 x84.413435 y5.280977 z-1
g1 x84.422059 y5.267849 z-1
g1 x84.430266 y5.254456 z-1
g1 x84.438047 y5.240814 z-1
g1 x84.445395 y5.226938 z-1
g1 x84.452301 y5.212839 z-1
g1 x84.458764 y5.198526 z-1
g1 x84.464773 y5.184019 z-1
g1 x84.470325 y5.169327 z-1
g1 x84.47541 y5.154474 z-1
g1 x84.480028 y5.139462 z-1
g1 x84.484173 y5.124311 z-1
g1 x84.487838 y5.109046 z-1
g1 x84.491024 y5.093661 z-1
g1 x84.493722 y5.0782 z-1
g1 x84.495935 y5.062656 z-1
g1 x84.497658 y5.047043 z-1
g1 x84.49889 y5.031387 z-1
g1 x84.49963 y5.015701 z-1
g1 x84.499877 y5 z-1
g1 x84.49963 y4.984299 z-1
g1 x84.49889 y4.968613 z-1
g1 x84.497658 y4.952957 z-1
g1 x84.495935 y4.937344 z-1
g1 x84.493722 y4.9218 z-1
g1 x84.491024 y4.906339 z-1
g1 x84.487838 y4.890954 z-1
g1 x84.484173 y4.875689 z-1
g1 x84.480028 y4.860538 z-1
g1 x84.47541 y4.845526 z-1
g1 x84.470325 y4.830673 z-1
g1 x84.464773 y4.815981 z-1
g1 x84.458764 y4.801474 z-1
g1 x84.452301 y4.787161 z-1
g1 x84.445395 y4.773062 z-1
g1 x84.438047 y4.759186 z-1
g1 x84.430266 y4.745544 z-1
g1 x84.422059 y4.732151 z-1
g1 x84.413435 y4.719023 z-1
g1 x84.40441 y4.706182 z-1
g1 x84.394982 y4.693625 z-1
g1 x84.385158 y4.681362 z-1
g1 x84.374962 y4.669424 z-1
g1 x84.364399 y4.657816 z-1
g1 x84.353466 y4.646534 z-1
g1 x84.342184 y4.635601 z-1
g1 x84.330576 y4.625038 z-1
g1 x84.318632 y4.614837 z-1
g1 x84.306382 y4.605022 z-1
g1 x84.293825 y4.595595 z-1
g1 x84.280969 y4.58656 z-1
g1 x84.267849 y4.577941 z-1
g1 x84.25446 y4.569737 z-1
g1 x84.240813 y4.561953 z-1
g1 x84.226933 y4.554603 z-1
g1 x84.212839 y4.547699 z-1
g1 x84.198526 y4.541236 z-1
g1 x84.184019 y4.535227 z-1
g1 x84.169327 y4.529675 z-1
g1 x84.154474 y4.52459 z-1
g1 x84.139462 y4.519972 z-1
g1 x84.124311 y4.515827 z-1
g1 x84.109047 y4.512162 z-1
g1 x84.093661 y4.508976 z-1
g1 x84.0782 y4.506278 z-1
g1 x84.062657 y4.504066 z-1
g1 x84.047043 y4.502342 z-1
g1 x84.031386 y4.50111 z-1
g1 x84.0157 y4.50037 z-1
g1 x83.992148 y4.5 z-1
g1 x82.007931 y4.5 z-1
g1 x81.98414 y4.500377 z-1
g1 x81.968297 y4.501132 z-1
g1 x81.952486 y4.502389 z-1
g1 x81.936724 y4.504147 z-1
g1 x81.921018 y4.506405 z-1
g1 x81.905391 y4.509161 z-1
g1 x81.889873 y4.512408 z-1
g1 x81.874465 y4.516146 z-1
g1 x81.859166 y4.520376 z-1
g1 x81.844019 y4.525085 z-1
g1 x81.829033 y4.530272 z-1
g1 x81.814212 y4.535934 z-1
g1 x81.799587 y4.54206 z-1
g1 x81.785161 y4.548648 z-1
g1 x81.770945 y4.555694 z-1
g1 x81.756964 y4.563185 z-1
g1 x81.743229 y4.571115 z-1
g1 x81.729744 y4.579481 z-1
g1 x81.71654 y4.588266 z-1
g1 x81.703617 y4.597469 z-1
g1 x81.690996 y4.607074 z-1
g1 x81.678693 y4.617069 z-1
g1 x81.666703 y4.627459 z-1
g1 x81.65505 y4.638222 z-1
g1 x81.643738 y4.649356 z-1
g1 x81.632796 y4.660831 z-1
g1 x81.622221 y4.672652 z-1
g1 x81.612019 y4.68481 z-1
g1 x81.602222 y4.697268 z-1
g1 x81.592816 y4.710042 z-1
g1 x81.58382 y4.723109 z-1
g1 x81.575246 y4.736452 z-1
g1 x81.567094 y4.750066 z-1
g1 x81.559382 y4.763928 z-1
g1 x81.552115 y4.778023 z-1
g1 x81.545301 y4.792338 z-1
g1 x81.53894 y4.806875 z-1
g1 x81.533043 y4.821603 z-1
g1 x81.52762 y4.836504 z-1
g1 x81.522669 y4.851577 z-1
g1 x81.518201 y4.866794 z-1
g1 x81.514216 y4.882155 z-1
g1 x81.51072 y4.89763 z-1
g1 x81.507721 y4.913193 z-1
g1 x81.505214 y4.92886 z-1
g1 x81.503206 y4.944595 z-1
g1 x81.501698 y4.960382 z-1
g1 x81.500692 y4.976215 z-1
g1 x81.500189 y4.992067 z-1
g1 x81.500189 y5.007933 z-1
g1 x81.500692 y5.023785 z-1
g1 x81.501698 y5.039618 z-1
g1 x81.503206 y5.055405 z-1
g1 x81.505214 y5.07114 z-1
g1 x81.507721 y5.086807 z-1
g1 x81.51072 y5.10237 z-1
g1 x81.514216 y5.117845 z-1
g1 x81.518201 y5.133206 z-1
g1 x81.522669 y5.148423 z-1
g1 x81.52762 y5.163496 z-1
g1 x81.533043 y5.178397 z-1
g1 x81.53894 y5.193125 z-1
g1 x81.545301 y5.207662 z-1
g1 x81.552115 y5.221977 z-1
g1 x81.559382 y5.236072 z-1
g1 x81.567094 y5.249934 z-1
g1 x81.575246 y5.263548 z-1
g1 x81.58382 y5.276891 z-1
g1 x81.592816 y5.289958 z-1
g1 x81.602222 y5.302732 z-1
g1 x81.612019 y5.31519 z-1
g1 x81.622221 y5.327348 z-1
g1 x81.632796 y5.339169 z-1
g1 x81.643738 y5.350644 z-1
g1 x81.65505 y5.361778 z-1
g1 x81.666703 y5.372541 z-1
g1 x81.678693 y5.382931 z-1
g1 x81.690996 y5.392926 z-1
g1 x81.703617 y5.402531 z-1
g1 x81.71654 y5.411734 z-1
g1 x81.729744 y5.420519 z-1
g1 x81.743229 y5.428885 z-1
g1 x81.756964 y5.436815 z-1
g1 x81.770945 y5.444306 z-1
g1 x81.785161 y5.451352 z-1
g1 x81.799587 y5.45794 z-1
g1 x81.814212 y5.464066 z-1
g1 x81.829033 y5.469728 z-1
g1 x81.844028 y5.474918 z-1
g1 x81.859166 y5.479625 z-1
g1 x81.874455 y5.483852 z-1
g1 x81.889873 y5.487592 z-1
g1 x81.905391 y5.490839 z-1
g1 x81.921018 y5.493595 z-1
g1 x81.936724 y5.495853 z-1
g1 x81.952486 y5.497611 z-1
g1 x81.968297 y5.498868 z-1
g1 x81.98414 y5.499623 z-1
g1 x82.007931 y5.5 z-1
(pass -2.000000)
g0 x82.007931 y5.5
g1 z-2 f100
(entered)
g1 x83.992148 y5.5 z-2 f600
g1 x84.0157 y5.49963 z-2
g1 x84.031386 y5.49889 z-2
g1 x84.047043 y5.497658 z-2
g1 x84.062657 y5.495934 z-2
g1 x84.0782 y5.493722 z-2
g1 x84.093661 y5.491024 z-2
g1 x84.109047 y5.487838 z-2
g1 x84.124321 y5.484171 z-2
g1 x84.139462 y5.480029 z-2
g1 x84.154464 y5.475413 z-2
g1 x84.169327 y5.470325 z-2
g1 x84.184019 y5.464773 z-2
g1 x84.198526 y5.458764 z-2
g1 x84.212839 y5.452301 z-2
g1 x84.226933 y5.445397 z-2
g1 x84.240813 y5.438047 z-2
g1 x84.25446 y5.430263 z-2
g1 x84.267849 y5.422059 z-2
g1 x84.280977 y5.413435 z-2
g1 x84.293818 y5.404411 z-2
g1 x84.306375 y5.394982 z-2
g1 x84.318638 y5.385158 z-2
g1 x84.330576 y5.374962 z-2
g1 x84.342184 y5.364399 z-2
g1 x84.353466 y5.353466 z-2
g1 x84.364399 y5.342184 z-2
g1 x84.374962 y5.330576 z-2
g1 x84.385158 y5.318638 z-2
g1 x84.394982 y5.306375 z-2
g1 x84.40441 y5.293818 z-2
g1 x84.413435 y5.280977 z-2
g1 x84.422059 y5.267849 z-2
g1 x84.430266 y5.254456 z-2
g1 x84.438047 y5.240814 z-2
g1 x84.445395 y5.226938 z-2
g1 x84.452301 y5.212839 z-2
g1 x84.458764 y5.198526 z-2
g1 x84.464773 y5.184019 z-2
g1 x84.470325 y5.169327 z-2
g1 x84.47541 y5.154474 z-2
g1 x84.480028 y5.139462 z-2
g1 x84.484173 y5.124311 z-2
g1 x84.487838 y5.109046 z-2
g1 x84.491024 y5.093661 z-2
g1 x84.493722 y5.0782 z-2
g1 x84.495935 y5.062656 z-2
g1 x84.497658 y5.047043 z-2
g1 x84.49889 y5.031387 z-2
g1 x84.49963 y5.015701 z-2
g1 x84.499877 y5 z-2
g1 x84.49963 y4.984299 z-2
g1 x84.49889 y4.968613 z-2
g1 x84.497658 y4.952957 z-2
g1 x84.495935 y4.937344 z-2
g1 x84.493722 y4.9218 z-2
g1 x84.491024 y4.906339 z-2
g1 x84.487838 y4.890954 z-2
g1 x84.484173 y4.875689 z-2
g1 x84.480028 y4.860538 z-2
g1 x84.47541 y4.845526 z-2
g1 x84.470325 y4.830673 z-2
g1 x84.464773 y4.815981 z-2
g1 x84.458764 y4.801474 z-2
g1 x84.452301 y4.787161 z-2
g1 x84.445395 y4.773062 z-2
g1 x84.438047 y4.759186 z-2
g1 x84.430266 y4.745544 z-2
g1 x84.422059 y4.732151 z-2
g1 x84.413435 y4.719023 z-2
g1 x84.40441 y4.706182 z-2
g1 x84.394982 y4.693625 z-2
g1 x84.385158 y4.681362 z-2
g1 x84.374962 y4.669424 z-2
g1 x84.364399 y4.657816 z-2
g1 x84.353466 y4.646534 z-2
g1 x84.342184 y4.635601 z-2
g1 x84.330576 y4.625038 z-2
g1 x84.318632 y4.614837 z-2
g1 x84.306382 y4.605022 z-2
g1 x84.293825 y4.595595 z-2
g1 x84.280969 y4.58656 z-2
g1 x84.267849 y4.577941 z-2
g1 x84.25446 y4.569737 z-2
g1 x84.240813 y4.561953 z-2
g1 x84.226933 y4.554603 z-2
g1 x84.212839 y4.547699 z-2
g1 x84.198526 y4.541236 z-2
g1 x84.184019 y4.535227 z-2
g1 x84.169327 y4.529675 z-2
g1 x84.154474 y4.52459 z-2
g1 x84.139462 y4.519972 z-2
g1 x84.124311 y4.515827 z-2
g1 x84.109047 y4.512162 z-2
g1 x84.093661 y4.508976 z-2
g1 x84.0782 y4.506278 z-2
g1 x84.062657 y4.504066 z-2
g1 x84.047043 y4.502342 z-2
g1 x84.031386 y4.50111 z-2
g1 x84.0157 y4.50037 z-2
g1 x83.992148 y4.5 z-2
g1 x82.007931 y4.5 z-2
g1 x81.98414 y4.500377 z-2
g1 x81.968297 y4.501132 z-2
g1 x81.952486 y4.502389 z-2
g1 x81.936724 y4.504147 z-2
g1 x81.921018 y4.506405 z-2
g1 x81.905391 y4.509161 z-2
g1 x81.889873 y4.512408 z-2
g1 x81.874465 y4.516146 z-2
g1 x81.859166 y4.520376 z-2
g1 x81.844019 y4.525085 z-2
g1 x81.829033 y4.530272 z-2
g1 x81.814212 y4.535934 z-2
g1 x81.799587 y4.54206 z-2
g1 x81.785161 y4.548648 z-2
g1 x81.770945 y4.555694 z-2
g1 x81.756964 y4.563185 z-2
g1 x81.743229 y4.571115 z-2
g1 x81.729744 y4.579481 z-2
g1 x81.71654 y4.588266 z-2
g1 x81.703617 y4.597469 z-2
g1 x81.690996 y4.607074 z-2
g1 x81.678693 y4.617069 z-2
g1 x81.666703 y4.627459 z-2
g1 x81.65505 y4.638222 z-2
g1 x81.643738 y4.649356 z-2
g1 x81.632796 y4.660831 z-2
g1 x81.622221 y4.672652 z-2
g1 x81.612019 y4.68481 z-2
g1 x81.602222 y4.697268 z-2
g1 x81.592816 y4.710042 z-2
g1 x81.58382 y4.723109 z-2
g1 x81.575246 y4.736452 z-2
g1 x81.567094 y4.750066 z-2
g1 x81.559382 y4.763928 z-2
g1 x81.552115 y4.778023 z-2
g1 x81.545301 y4.792338 z-2
g1 x81.53894 y4.806875 z-2
g1 x81.533043 y4.821603 z-2
g1 x81.52762 y4.836504 z-2
g1 x81.522669 y4.851577 z-2
g1 x81.518201 y4.866794 z-2
g1 x81.514216 y4.882155 z-2
g1 x81.51072 y4.89763 z-2
g1 x81.507721 y4.913193 z-2
g1 x81.505214 y4.92886 z-2
g1 x81.503206 y4.944595 z-2
g1 x81.501698 y4.960382 z-2
g1 x81.500692 y4.976215 z-2
g1 x81.500189 y4.992067 z-2
g1 x81.500189 y5.007933 z-2
g1 x81.500692 y5.023785 z-2
g1 x81.501698 y5.039618 z-2
g1 x81.503206 y5.055405 z-2
g1 x81.505214 y5.07114 z-2
g1 x81.507721 y5.086807 z-2
g1 x81.51072 y5.10237 z-2
g1 x81.514216 y5.117845 z-2
g1 x81.518201 y5.133206 z-2
g1 x81.522669 y5.148423 z-2
g1 x81.52762 y5.163496 z-2
g1 x81.533043 y5.178397 z-2
g1 x81.53894 y5.193125 z-2
g1 x81.545301 y5.207662 z-2
g1 x81.552115 y5.221977 z-2
g1 x81.559382 y5.236072 z-2
g1 x81.567094 y5.249934 z-2
g1 x81.575246 y5.263548 z-2
g1 x81.58382 y5.276891 z-2
g1 x81.592816 y5.289958 z-2
g1 x81.602222 y5.302732 z-2
g1 x81.612019 y5.31519 z-2
g1 x81.622221 y5.327348 z-2
g1 x81.632796 y5.339169 z-2
g1 x81.643738 y5.350644 z-2
g1 x81.65505 y5.361778 z-2
g1 x81.666703 y5.372541 z-2
g1 x81.678693 y5.382931 z-2
g1 x81.690996 y5.392926 z-2
g1 x81.703617 y5.402531 z-2
g1 x81.71654 y5.411734 z-2
g1 x81.729744 y5.420519 z-2
g1 x81.743229 y5.428885 z-2
g1 x81.756964 y5.436815 z-2
g1 x81.770945 y5.444306 z-2
g1 x81.785161 y5.451352 z-2
g1 x81.799587 y5.45794 z-2
g1 x81.814212 y5.464066 z-2
g1 x81.829033 y5.469728 z-2
g1 x81.844028 y5.474918 z-2
g1 x81.859166 y5.479625 z-2
g1 x81.874455 y5.483852 z-2
g1 x81.889873 y5.487592 z-2
g1 x81.905391 y5.490839 z-2
g1 x81.921018 y5.493595 z-2
g1 x81.936724 y5.495853 z-2
g1 x81.952486 y5.497611 z-2
g1 x81.968297 y5.498868 z-2
g1 x81.98414 y5.499623 z-2
g1 x82.007931 y5.5 z-2
(exiting)
g0 z3
(Block-name: Shape2DView001 [in,conventional,cw,cut:-2])
(Block-expand: 0)
(Block-enable: 1)
(pass -1.000000)
g0 z3
g0 x90.99999 y4.000125
g1 z-1 f100
(entered)
g1 x90.96843 y4.000623 z-1 f600
g1 x90.936895 y4.002118 z-1
g1 x90.90543 y4.004607 z-1
g1 x90.87405 y4.008089 z-1
g1 x90.842796 y4.01256 z-1
g1 x90.811711 y4.018013 z-1
g1 x90.780802 y4.024447 z-1
g1 x90.750112 y4.031854 z-1
g1 x90.719673 y4.040225 z-1
g1 x90.689515 y4.049552 z-1
g1 x90.659669 y4.059827 z-1
g1 x90.63016 y4.071039 z-1
g1 x90.601017 y4.083178 z-1
g1 x90.572271 y4.096231 z-1
g1 x90.543952 y4.110185 z-1
g1 x90.516083 y4.125028 z-1
g1 x90.488706 y4.140739 z-1
g1 x90.461846 y4.157301 z-1
g1 x90.435505 y4.174715 z-1
g1 x90.409728 y4.19295 z-1
g1 x90.384552 y4.21198 z-1
g1 x90.359981 y4.231803 z-1
g1 x90.336048 y4.252391 z-1
g1 x90.312775 y4.273727 z-1
g1 x90.29019 y4.295783 z-1
g1 x90.268321 y4.318534 z-1
g1 x90.24717 y4.341974 z-1
g1 x90.22677 y4.366072 z-1
g1 x90.207141 y4.390799 z-1
g1 x90.188305 y4.416132 z-1
g1 x90.170279 y4.442044 z-1
g1 x90.153081 y4.468513 z-1
g1 x90.136725 y4.495512 z-1
g1 x90.121227 y4.523022 z-1
g1 x90.106608 y4.550999 z-1
g1 x90.092879 y4.579426 z-1
g1 x90.080055 y4.60827 z-1
g1 x90.068147 y4.637509 z-1
g1 x90.057168 y4.667107 z-1
g1 x90.047129 y4.697035 z-1
g1 x90.038038 y4.727274 z-1
g1 x90.029908 y4.757774 z-1
g1 x90.022746 y4.788516 z-1
g1 x90.016556 y4.819475 z-1
g1 x90.011348 y4.850605 z-1
g1 x90.007125 y4.881888 z-1
g1 x90.003891 y4.913297 z-1
g1 x90.001651 y4.944784 z-1
g1 x90.000405 y4.976333 z-1
g1 x90.000156 y5.007898 z-1
g1 x90.000904 y5.039455 z-1
g1 x90.002647 y5.07098 z-1
g1 x90.005384 y5.102421 z-1
g1 x90.009113 y5.133767 z-1
g1 x90.013831 y5.164989 z-1
g1 x90.019532 y5.196042 z-1
g1 x90.026208 y5.226892 z-1
g1 x90.033856 y5.25752 z-1
g1 x90.042466 y5.28789 z-1
g1 x90.052032 y5.317974 z-1
g1 x90.062544 y5.347744 z-1
g1 x90.073988 y5.377163 z-1
g1 x90.086356 y5.406208 z-1
g1 x90.099634 y5.434848 z-1
g1 x90.113812 y5.463057 z-1
g1 x90.128871 y5.490801 z-1
g1 x90.144798 y5.518055 z-1
g1 x90.161579 y5.544795 z-1
g1 x90.179192 y5.570986 z-1
g1 x90.197629 y5.596616 z-1
g1 x90.216867 y5.621654 z-1
g1 x90.236882 y5.646066 z-1
g1 x90.257652 y5.669829 z-1
g1 x90.27917 y5.692931 z-1
g1 x90.301408 y5.715346 z-1
g1 x90.324335 y5.73704 z-1
g1 x90.347935 y5.757999 z-1
g1 x90.372189 y5.778205 z-1
g1 x90.397074 y5.79764 z-1
g1 x90.422557 y5.816278 z-1
g1 x90.44861 y5.834098 z-1
g1 x90.475216 y5.851089 z-1
g1 x90.502348 y5.867233 z-1
g1 x90.52997 y5.88251 z-1
g1 x90.558062 y5.896907 z-1
g1 x90.586595 y5.910411 z-1
g1 x90.615548 y5.92301 z-1
g1 x90.644877 y5.934686 z-1
g1 x90.674556 y5.94543 z-1
g1 x90.704572 y5.955235 z-1
g1 x90.734867 y5.964083 z-1
g1 x90.765433 y5.971972 z-1
g1 x90.796233 y5.978892 z-1
g1 x90.827234 y5.984836 z-1
g1 x90.85842 y5.989801 z-1
g1 x90.889736 y5.993777 z-1
g1 x90.921162 y5.996762 z-1
g1 x90.952666 y5.998755 z-1
g1 x90.984218 y5.999751 z-1
g1 x91.015785 y5.999751 z-1
g1 x91.047336 y5.998754 z-1
g1 x91.078848 y5.996761 z-1
g1 x91.110275 y5.993776 z-1
g1 x91.141592 y5.989799 z-1
g1 x91.172762 y5.984838 z-1
g1 x91.203769 y5.978892 z-1
g1 x91.234575 y5.97197 z-1
g1 x91.26513 y5.964084 z-1
g1 x91.295439 y5.955231 z-1
g1 x91.325452 y5.945427 z-1
g1 x91.355126 y5.934685 z-1
g1 x91.384455 y5.923008 z-1
g1 x91.413405 y5.91041 z-1
g1 x91.441944 y5.896903 z-1
g1 x91.470039 y5.882505 z-1
g1 x91.497655 y5.867231 z-1
g1 x91.524787 y5.851087 z-1
g1 x91.551399 y5.834092 z-1
g1 x91.577452 y5.816272 z-1
g1 x91.602931 y5.797637 z-1
g1 x91.62781 y5.778206 z-1
g1 x91.652068 y5.757996 z-1
g1 x91.675669 y5.737036 z-1
g1 x91.6986 y5.715339 z-1
g1 x91.720834 y5.692928 z-1
g1 x91.742348 y5.669829 z-1
g1 x91.763125 y5.646058 z-1
g1 x91.78314 y5.621646 z-1
g1 x91.802372 y5.596616 z-1
g1 x91.820808 y5.570986 z-1
g1 x91.838423 y5.544791 z-1
g1 x91.855203 y5.518052 z-1
g1 x91.871134 y5.490792 z-1
g1 x91.886193 y5.463048 z-1
g1 x91.900367 y5.434845 z-1
g1 x91.913645 y5.406206 z-1
g1 x91.926013 y5.377161 z-1
g1 x91.937459 y5.347738 z-1
g1 x91.947971 y5.317967 z-1
g1 x91.957534 y5.287887 z-1
g1 x91.966144 y5.257519 z-1
g1 x91.973792 y5.226889 z-1
g1 x91.98047 y5.19603 z-1
g1 x91.986171 y5.164979 z-1
g1 x91.990887 y5.133765 z-1
g1 x91.994616 y5.102418 z-1
g1 x91.997354 y5.070971 z-1
g1 x91.999097 y5.039452 z-1
g1 x91.999844 y5.007895 z-1
g1 x91.999595 y4.976323 z-1
g1 x91.99835 y4.944781 z-1
g1 x91.996109 y4.913295 z-1
g1 x91.992874 y4.881886 z-1
g1 x91.988651 y4.850601 z-1
g1 x91.983442 y4.819464 z-1
g1 x91.977254 y4.788513 z-1
g1 x91.970091 y4.757771 z-1
g1 x91.96196 y4.727266 z-1
g1 x91.95287 y4.697033 z-1
g1 x91.942831 y4.667104 z-1
g1 x91.931849 y4.637499 z-1
g1 x91.919941 y4.60826 z-1
g1 x91.907119 y4.579422 z-1
g1 x91.89339 y4.550996 z-1
g1 x91.87877 y4.523016 z-1
g1 x91.863275 y4.495513 z-1
g1 x91.846919 y4.468513 z-1
g1 x91.829718 y4.442041 z-1
g1 x91.811692 y4.416128 z-1
g1 x91.792851 y4.39079 z-1
g1 x91.773224 y4.366064 z-1
g1 x91.752827 y4.341971 z-1
g1 x91.73168 y4.318534 z-1
g1 x91.70981 y4.295783 z-1
g1 x91.687217 y4.27372 z-1
g1 x91.663944 y4.252384 z-1
g1 x91.640016 y4.2318 z-1
g1 x91.615444 y4.211978 z-1
g1 x91.590267 y4.192946 z-1
g1 x91.564495 y4.174715 z-1
g1 x91.538154 y4.157302 z-1
g1 x91.511288 y4.140736 z-1
g1 x91.483903 y4.125021 z-1
g1 x91.456039 y4.11018 z-1
g1 x91.427725 y4.096229 z-1
g1 x91.398981 y4.083177 z-1
g1 x91.36984 y4.071039 z-1
g1 x91.340328 y4.059826 z-1
g1 x91.310475 y4.04955 z-1
g1 x91.280317 y4.040222 z-1
g1 x91.249885 y4.031853 z-1
g1 x91.219195 y4.024447 z-1
g1 x91.188287 y4.018013 z-1
g1 x91.157195 y4.012559 z-1
g1 x91.125939 y4.008087 z-1
g1 x91.094568 y4.004606 z-1
g1 x91.063103 y4.002118 z-1
g1 x91.031568 y4.000623 z-1
g1 x90.99999 y4.000125 z-1
(pass -2.000000)
g0 x90.99999 y4.000125
g1 z-2 f100
(entered)
g1 x90.96843 y4.000623 z-2 f600
g1 x90.936895 y4.002118 z-2
g1 x90.90543 y4.004607 z-2
g1 x90.87405 y4.008089 z-2
g1 x90.842796 y4.01256 z-2
g1 x90.811711 y4.018013 z-2
g1 x90.780802 y4.024447 z-2
g1 x90.750112 y4.031854 z-2
g1 x90.719673 y4.040225 z-2
g1 x90.689515 y4.049552 z-2
g1 x90.659669 y4.059827 z-2
g1 x90.63016 y4.071039 z-2
g1 x90.601017 y4.083178 z-2
g1 x90.572271 y4.096231 z-2
g1 x90.543952 y4.110185 z-2
g1 x90.516083 y4.125028 z-2
g1 x90.488706 y4.140739 z-2
g1 x90.461846 y4.157301 z-2
g1 x90.435505 y4.174715 z-2
g1 x90.409728 y4.19295 z-2
g1 x90.384552 y4.21198 z-2
g1 x90.359981 y4.231803 z-2
g1 x90.336048 y4.252391 z-2
g1 x90.312775 y4.273727 z-2
g1 x90.29019 y4.295783 z-2
g1 x90.268321 y4.318534 z-2
g1 x90.24717 y4.341974 z-2
g1 x90.22677 y4.366072 z-2
g1 x90.207141 y4.390799 z-2
g1 x90.188305 y4.416132 z-2
g1 x90.170279 y4.442044 z-2
g1 x90.153081 y4.468513 z-2
g1 x90.136725 y4.495512 z-2
g1 x90.121227 y4.523022 z-2
g1 x90.106608 y4.550999 z-2
g1 x90.092879 y4.579426 z-2
g1 x90.080055 y4.60827 z-2
g1 x90.068147 y4.637509 z-2
g1 x90.057168 y4.667107 z-2
g1 x90.047129 y4.697035 z-2
g1 x90.038038 y4.727274 z-2
g1 x90.029908 y4.757774 z-2
g1 x90.022746 y4.788516 z-2
g1 x90.016556 y4.819475 z-2
g1 x90.011348 y4.850605 z-2
g1 x90.007125 y4.881888 z-2
g1 x90.003891 y4.913297 z-2
g1 x90.001651 y4.944784 z-2
g1 x90.000405 y4.976333 z-2
g1 x90.000156 y5.007898 z-2
g1 x90.000904 y5.039455 z-2
g1 x90.002647 y5.07098 z-2
g1 x90.005384 y5.102421 z-2
g1 x90.009113 y5.133767 z-2
g1 x90.013831 y5.164989 z-2
g1 x90.019532 y5.196042 z-2
g1 x90.026208 y5.226892 z-2
g1 x90.033856 y5.25752 z-2
g1 x90.042466 y5.28789 z-2
g1 x90.052032 y5.317974 z-2
g1 x90.062544 y5.347744 z-2
g1 x90.073988 y5.377163 z-2
g1 x90.086356 y5.406208 z-2
g1 x90.099634 y5.434848 z-2
g1 x90.113812 y5.463057 z-2
g1 x90.128871 y5.490801 z-2
g1 x90.144798 y5.518055 z-2
g1 x90.161579 y5.544795 z-2
g1 x90.179192 y5.570986 z-2
g1 x90.197629 y5.596616 z-2
g1 x90.216867 y5.621654 z-2
g1 x90.236882 y5.646066 z-2
g1 x90.257652 y5.669829 z-2
g1 x90.27917 y5.692931 z-2
g1 x90.301408 y5.715346 z-2
g1 x90.324335 y5.73704 z-2
g1 x90.347935 y5.757999 z-2
g1 x90.372189 y5.778205 z-2
g1 x90.397074 y5.79764 z-2
g1 x90.422557 y5.816278 z-2
g1 x90.44861 y5.834098 z-2
g1 x90.475216 y5.851089 z-2
g1 x90.502348 y5.867233 z-2
g1 x90.52997 y5.88251 z-2
g1 x90.558062 y5.896907 z-2
g1 x90.586595 y5.910411 z-2
g1 x90.615548 y5.92301 z-2
g1 x90.644877 y5.934686 z-2
g1 x90.674556 y5.94543 z-2
g1 x90.704572 y5.955235 z-2
g1 x90.734867 y5.964083 z-2
g1 x90.765433 y5.971972 z-2
g1 x90.796233 y5.978892 z-2
g1 x90.827234 y5.984836 z-2
g1 x90.85842 y5.989801 z-2
g1 x90.889736 y5.993777 z-2
g1 x90.921162 y5.996762 z-2
g1 x90.952666 y5.998755 z-2
g1 x90.984218 y5.999751 z-2
g1 x91.015785 y5.999751 z-2
g1 x91.047336 y5.998754 z-2
g1 x91.078848 y5.996761 z-2
g1 x91.110275 y5.993776 z-2
g1 x91.141592 y5.989799 z-2
g1 x91.172762 y5.984838 z-2
g1 x91.203769 y5.978892 z-2
g1 x91.234575 y5.97197 z-2
g1 x91.26513 y5.964084 z-2
g1 x91.295439 y5.955231 z-2
g1 x91.325452 y5.945427 z-2
g1 x91.355126 y5.934685 z-2
g1 x91.384455 y5.923008 z-2
g1 x91.413405 y5.91041 z-2
g1 x91.441944 y5.896903 z-2
g1 x91.470039 y5.882505 z-2
g1 x91.497655 y5.867231 z-2
g1 x91.524787 y5.851087 z-2
g1 x91.551399 y5.834092 z-2
g1 x91.577452 y5.816272 z-2
g1 x91.602931 y5.797637 z-2
g1 x91.62781 y5.778206 z-2
g1 x91.652068 y5.757996 z-2
g1 x91.675669 y5.737036 z-2
g1 x91.6986 y5.715339 z-2
g1 x91.720834 y5.692928 z-2
g1 x91.742348 y5.669829 z-2
g1 x91.763125 y5.646058 z-2
g1 x91.78314 y5.621646 z-2
g1 x91.802372 y5.596616 z-2
g1 x91.820808 y5.570986 z-2
g1 x91.838423 y5.544791 z-2
g1 x91.855203 y5.518052 z-2
g1 x91.871134 y5.490792 z-2
g1 x91.886193 y5.463048 z-2
g1 x91.900367 y5.434845 z-2
g1 x91.913645 y5.406206 z-2
g1 x91.926013 y5.377161 z-2
g1 x91.937459 y5.347738 z-2
g1 x91.947971 y5.317967 z-2
g1 x91.957534 y5.287887 z-2
g1 x91.966144 y5.257519 z-2
g1 x91.973792 y5.226889 z-2
g1 x91.98047 y5.19603 z-2
g1 x91.986171 y5.164979 z-2
g1 x91.990887 y5.133765 z-2
g1 x91.994616 y5.102418 z-2
g1 x91.997354 y5.070971 z-2
g1 x91.999097 y5.039452 z-2
g1 x91.999844 y5.007895 z-2
g1 x91.999595 y4.976323 z-2
g1 x91.99835 y4.944781 z-2
g1 x91.996109 y4.913295 z-2
g1 x91.992874 y4.881886 z-2
g1 x91.988651 y4.850601 z-2
g1 x91.983442 y4.819464 z-2
g1 x91.977254 y4.788513 z-2
g1 x91.970091 y4.757771 z-2
g1 x91.96196 y4.727266 z-2
g1 x91.95287 y4.697033 z-2
g1 x91.942831 y4.667104 z-2
g1 x91.931849 y4.637499 z-2
g1 x91.919941 y4.60826 z-2
g1 x91.907119 y4.579422 z-2
g1 x91.89339 y4.550996 z-2
g1 x91.87877 y4.523016 z-2
g1 x91.863275 y4.495513 z-2
g1 x91.846919 y4.468513 z-2
g1 x91.829718 y4.442041 z-2
g1 x91.811692 y4.416128 z-2
g1 x91.792851 y4.39079 z-2
g1 x91.773224 y4.366064 z-2
g1 x91.752827 y4.341971 z-2
g1 x91.73168 y4.318534 z-2
g1 x91.70981 y4.295783 z-2
g1 x91.687217 y4.27372 z-2
g1 x91.663944 y4.252384 z-2
g1 x91.640016 y4.2318 z-2
g1 x91.615444 y4.211978 z-2
g1 x91.590267 y4.192946 z-2
g1 x91.564495 y4.174715 z-2
g1 x91.538154 y4.157302 z-2
g1 x91.511288 y4.140736 z-2
g1 x91.483903 y4.125021 z-2
g1 x91.456039 y4.11018 z-2
g1 x91.427725 y4.096229 z-2
g1 x91.398981 y4.083177 z-2
g1 x91.36984 y4.071039 z-2
g1 x91.340328 y4.059826 z-2
g1 x91.310475 y4.04955 z-2
g1 x91.280317 y4.040222 z-2
g1 x91.249885 y4.031853 z-2
g1 x91.219195 y4.024447 z-2
g1 x91.188287 y4.018013 z-2
g1 x91.157195 y4.012559 z-2
g1 x91.125939 y4.008087 z-2
g1 x91.094568 y4.004606 z-2
g1 x91.063103 y4.002118 z-2
g1 x91.031568 y4.000623 z-2
g1 x90.99999 y4.000125 z-2
(exiting)
g0 z3
(Block-name: Shape2DView001 [in,conventional,cw,cut:-2])
(Block-expand: 0)
(Block-enable: 1)
(pass -1.000000)
g0 z3
g0 x83.007847 y33.3
g1 z-1 f100
(entered)
g1 x93.992153 y33.3 z-1 f600
g1 x94 y33.292153 z-1
g1 x94 y16.007847 z-1
g1 x93.992153 y16 z-1
g1 x83.008018 y16 z-1
g1 x83 y16.008018 z-1
g1 x83.007847 y33.3 z-1
(pass -2.000000)
g0 x83.007847 y33.3
g1 z-2 f100
(entered)
g1 x93.992153 y33.3 z-2 f600
g1 x94 y33.292153 z-2
g1 x94 y16.007847 z-2
g1 x93.992153 y16 z-2
g1 x83.008018 y16 z-2
g1 x83 y16.008018 z-2
g1 x83.007847 y33.3 z-2
(exiting)
g0 z3
(Block-name: Shape2DView001 [in,conventional,cw,cut:-2])
(Block-expand: 0)
(Block-enable: 1)
(pass -1.000000)
g0 z3
g0 x88.499972 y39.515125
g1 z-1 f100
(entered)
g1 x88.342135 y39.517618 z-1 f600
g1 x88.184452 y39.525092 z-1
g1 x88.027087 y39.53754 z-1
g1 x87.870193 y39.55495 z-1
g1 x87.713924 y39.577305 z-1
g1 x87.558439 y39.604581 z-1
g1 x87.403895 y39.636752 z-1
g1 x87.250443 y39.673786 z-1
g1 x87.098235 y39.715645 z-1
g1 x86.947425 y39.762289 z-1
g1 x86.798162 y39.813671 z-1
g1 x86.650594 y39.869739 z-1
g1 x86.504874 y39.930436 z-1
g1 x86.361142 y39.995704 z-1
g1 x86.219539 y40.065478 z-1
g1 x86.080209 y40.139687 z-1
g1 x85.943294 y40.218256 z-1
g1 x85.808928 y40.301108 z-1
g1 x85.677243 y40.388162 z-1
g1 x85.548371 y40.479329 z-1
g1 x85.422443 y40.574518 z-1
g1 x85.299581 y40.673637 z-1
g1 x85.179909 y40.776584 z-1
g1 x85.063549 y40.883257 z-1
g1 x84.950611 y40.993553 z-1
g1 x84.841214 y41.107356 z-1
g1 x84.735465 y41.224555 z-1
g1 x84.633466 y41.345037 z-1
g1 x84.535321 y41.468679 z-1
g1 x84.441129 y41.595357 z-1
g1 x84.350984 y41.724942 z-1
g1 x84.264975 y41.857311 z-1
g1 x84.183184 y41.992332 z-1
g1 x84.1057 y42.129863 z-1
g1 x84.032595 y42.269772 z-1
g1 x83.963942 y42.411923 z-1
g1 x83.899812 y42.556167 z-1
g1 x83.840268 y42.702365 z-1
g1 x83.785367 y42.850368 z-1
g1 x83.735168 y43.00003 z-1
g1 x83.689717 y43.151206 z-1
g1 x83.649062 y43.30374 z-1
g1 x83.613242 y43.457479 z-1
g1 x83.582294 y43.612274 z-1
g1 x83.556247 y43.76797 z-1
g1 x83.535128 y43.924409 z-1
g1 x83.518958 y44.081438 z-1
g1 x83.507754 y44.238896 z-1
g1 x83.501526 y44.396631 z-1
g1 x83.500281 y44.554488 z-1
g1 x83.504019 y44.712299 z-1
g1 x83.512738 y44.869916 z-1
g1 x83.526427 y45.027181 z-1
g1 x83.545075 y45.183934 z-1
g1 x83.568662 y45.340019 z-1
g1 x83.597165 y45.495285 z-1
g1 x83.630554 y45.649572 z-1
g1 x83.668797 y45.802724 z-1
g1 x83.711858 y45.954599 z-1
g1 x83.75969 y46.105036 z-1
g1 x83.812248 y46.253888 z-1
g1 x83.869478 y46.401006 z-1
g1 x83.931325 y46.546245 z-1
g1 x83.997726 y46.689461 z-1
g1 x84.068612 y46.830504 z-1
g1 x84.143919 y46.969244 z-1
g1 x84.223567 y47.105537 z-1
g1 x84.307477 y47.239244 z-1
g1 x84.395568 y47.370239 z-1
g1 x84.48775 y47.498388 z-1
g1 x84.58393 y47.623561 z-1
g1 x84.684015 y47.745637 z-1
g1 x84.787902 y47.86449 z-1
g1 x84.895492 y47.980008 z-1
g1 x85.006673 y48.092069 z-1
g1 x85.121335 y48.200563 z-1
g1 x85.23937 y48.305388 z-1
g1 x85.36065 y48.406432 z-1
g1 x85.485061 y48.503595 z-1
g1 x85.61248 y48.596786 z-1
g1 x85.742775 y48.685906 z-1
g1 x85.875819 y48.77087 z-1
g1 x86.011477 y48.851589 z-1
g1 x86.149617 y48.927987 z-1
g1 x86.290101 y48.999986 z-1
g1 x86.432785 y49.067513 z-1
g1 x86.577533 y49.130503 z-1
g1 x86.724195 y49.188893 z-1
g1 x86.872628 y49.242622 z-1
g1 x87.022683 y49.29164 z-1
g1 x87.174211 y49.335895 z-1
g1 x87.327062 y49.375347 z-1
g1 x87.48108 y49.409952 z-1
g1 x87.636112 y49.439678 z-1
g1 x87.792009 y49.464495 z-1
g1 x87.94861 y49.484379 z-1
g1 x88.10576 y49.499308 z-1
g1 x88.263305 y49.50927 z-1
g1 x88.421084 y49.514253 z-1
g1 x88.57894 y49.514252 z-1
g1 x88.736721 y49.509268 z-1
g1 x88.894266 y49.499306 z-1
g1 x89.051418 y49.484375 z-1
g1 x89.208017 y49.464492 z-1
g1 x89.363912 y49.439673 z-1
g1 x89.518949 y49.409946 z-1
g1 x89.672966 y49.37534 z-1
g1 x89.825812 y49.33589 z-1
g1 x89.977341 y49.291632 z-1
g1 x90.127398 y49.242614 z-1
g1 x90.27583 y49.188882 z-1
g1 x90.422493 y49.130493 z-1
g1 x90.567238 y49.067503 z-1
g1 x90.709925 y48.999973 z-1
g1 x90.850406 y48.927975 z-1
g1 x90.988545 y48.851576 z-1
g1 x91.124206 y48.770855 z-1
g1 x91.257247 y48.685893 z-1
g1 x91.387542 y48.596771 z-1
g1 x91.514961 y48.503579 z-1
g1 x91.639371 y48.406415 z-1
g1 x91.76065 y48.305372 z-1
g1 x91.878682 y48.200547 z-1
g1 x91.993346 y48.09205 z-1
g1 x92.104527 y47.979987 z-1
g1 x92.212114 y47.864473 z-1
g1 x92.316002 y47.745616 z-1
g1 x92.416088 y47.623539 z-1
g1 x92.512267 y47.498365 z-1
g1 x92.604447 y47.370218 z-1
g1 x92.692536 y47.239224 z-1
g1 x92.776447 y47.105513 z-1
g1 x92.856094 y46.969221 z-1
g1 x92.931399 y46.830482 z-1
g1 x93.002287 y46.689435 z-1
g1 x93.068686 y46.546221 z-1
g1 x93.130532 y46.400982 z-1
g1 x93.187761 y46.253864 z-1
g1 x93.240319 y46.105008 z-1
g1 x93.288151 y45.954573 z-1
g1 x93.331209 y45.802702 z-1
g1 x93.369452 y45.649544 z-1
g1 x93.402841 y45.495257 z-1
g1 x93.431343 y45.339996 z-1
g1 x93.454928 y45.183909 z-1
g1 x93.473575 y45.027155 z-1
g1 x93.487264 y44.869891 z-1
g1 x93.495982 y44.712273 z-1
g1 x93.49972 y44.554458 z-1
g1 x93.498474 y44.396605 z-1
g1 x93.492245 y44.238872 z-1
g1 x93.481039 y44.081411 z-1
g1 x93.464869 y43.924382 z-1
g1 x93.443749 y43.767941 z-1
g1 x93.417702 y43.612248 z-1
g1 x93.386753 y43.457456 z-1
g1 x93.350932 y43.303714 z-1
g1 x93.310275 y43.151179 z-1
g1 x93.264824 y43.000005 z-1
g1 x93.214623 y42.850343 z-1
g1 x93.159723 y42.70234 z-1
g1 x93.100177 y42.556143 z-1
g1 x93.036046 y42.411897 z-1
g1 x92.967393 y42.269749 z-1
g1 x92.894288 y42.129839 z-1
g1 x92.816802 y41.992307 z-1
g1 x92.735013 y41.85729 z-1
g1 x92.649002 y41.724922 z-1
g1 x92.558854 y41.595332 z-1
g1 x92.464663 y41.468656 z-1
g1 x92.366519 y41.345018 z-1
g1 x92.264519 y41.224537 z-1
g1 x92.158768 y41.107337 z-1
g1 x92.049369 y40.993533 z-1
g1 x91.936432 y40.883239 z-1
g1 x91.820069 y40.776565 z-1
g1 x91.700398 y40.673619 z-1
g1 x91.577537 y40.574502 z-1
g1 x91.451609 y40.479314 z-1
g1 x91.322738 y40.388148 z-1
g1 x91.191051 y40.301095 z-1
g1 x91.056683 y40.218243 z-1
g1 x90.919764 y40.139673 z-1
g1 x90.780436 y40.065464 z-1
g1 x90.638835 y39.995693 z-1
g1 x90.495102 y39.930425 z-1
g1 x90.34938 y39.869729 z-1
g1 x90.201813 y39.813661 z-1
g1 x90.05255 y39.762281 z-1
g1 x89.901739 y39.715638 z-1
g1 x89.749532 y39.673779 z-1
g1 x89.59608 y39.636746 z-1
g1 x89.441535 y39.604576 z-1
g1 x89.286051 y39.577301 z-1
g1 x89.129781 y39.554947 z-1
g1 x88.972886 y39.537537 z-1
g1 x88.815523 y39.52509 z-1
g1 x88.65784 y39.517617 z-1
g1 x88.499972 y39.515125 z-1
(pass -2.000000)
g0 x88.499972 y39.515125
g1 z-2 f100
(entered)
g1 x88.342135 y39.517618 z-2 f600
g1 x88.184452 y39.525092 z-2
g1 x88.027087 y39.53754 z-2
g1 x87.870193 y39.55495 z-2
g1 x87.713924 y39.577305 z-2
g1 x87.558439 y39.604581 z-2
g1 x87.403895 y39.636752 z-2
g1 x87.250443 y39.673786 z-2
g1 x87.098235 y39.715645 z-2
g1 x86.947425 y39.762289 z-2
g1 x86.798162 y39.813671 z-2
g1 x86.650594 y39.869739 z-2
g1 x86.504874 y39.930436 z-2
g1 x86.361142 y39.995704 z-2
g1 x86.219539 y40.065478 z-2
g1 x86.080209 y40.139687 z-2
g1 x85.943294 y40.218256 z-2
g1 x85.808928 y40.301108 z-2
g1 x85.677243 y40.388162 z-2
g1 x85.548371 y40.479329 z-2
g1 x85.422443 y40.574518 z-2
g1 x85.299581 y40.673637 z-2
g1 x85.179909 y40.776584 z-2
g1 x85.063549 y40.883257 z-2
g1 x84.950611 y40.993553 z-2
g1 x84.841214 y41.107356 z-2
g1 x84.735465 y41.224555 z-2
g1 x84.633466 y41.345037 z-2
g1 x84.535321 y41.468679 z-2
g1 x84.441129 y41.595357 z-2
g1 x84.350984 y41.724942 z-2
g1 x84.264975 y41.857311 z-2
g1 x84.183184 y41.992332 z-2
g1 x84.1057 y42.129863 z-2
g1 x84.032595 y42.269772 z-2
g1 x83.963942 y42.411923 z-2
g1 x83.899812 y42.556167 z-2
g1 x83.840268 y42.702365 z-2
g1 x83.785367 y42.850368 z-2
g1 x83.735168 y43.00003 z-2
g1 x83.689717 y43.151206 z-2
g1 x83.649062 y43.30374 z-2
g1 x83.613242 y43.457479 z-2
g1 x83.582294 y43.612274 z-2
g1 x83.556247 y43.76797 z-2
g1 x83.535128 y43.924409 z-2
g1 x83.518958 y44.081438 z-2
g1 x83.507754 y44.238896 z-2
g1 x83.501526 y44.396631 z-2
g1 x83.500281 y44.554488 z-2
g1 x83.504019 y44.712299 z-2
g1 x83.512738 y44.869916 z-2
g1 x83.526427 y45.027181 z-2
g1 x83.545075 y45.183934 z-2
g1 x83.568662 y45.340019 z-2
g1 x83.597165 y45.495285 z-2
g1 x83.630554 y45.649572 z-2
g1 x83.668797 y45.802724 z-2
g1 x83.711858 y45.954599 z-2
g1 x83.75969 y46.105036 z-2
g1 x83.812248 y46.253888 z-2
g1 x83.869478 y46.401006 z-2
g1 x83.931325 y46.546245 z-2
g1 x83.997726 y46.689461 z-2
g1 x84.068612 y46.830504 z-2
g1 x84.143919 y46.969244 z-2
g1 x84.223567 y47.105537 z-2
g1 x84.307477 y47.239244 z-2
g1 x84.395568 y47.370239 z-2
g1 x84.48775 y47.498388 z-2
g1 x84.58393 y47.623561 z-2
g1 x84.684015 y47.745637 z-2
g1 x84.787902 y47.86449 z-2
g1 x84.895492 y47.980008 z-2
g1 x85.006673 y48.092069 z-2
g1 x85.121335 y48.200563 z-2
g1 x85.23937 y48.305388 z-2
g1 x85.36065 y48.406432 z-2
g1 x85.485061 y48.503595 z-2
g1 x85.61248 y48.596786 z-2
g1 x85.742775 y48.685906 z-2
g1 x85.875819 y48.77087 z-2
g1 x86.011477 y48.851589 z-2
g1 x86.149617 y48.927987 z-2
g1 x86.290101 y48.999986 z-2
g1 x86.432785 y49.067513 z-2
g1 x86.577533 y49.130503 z-2
g1 x86.724195 y49.188893 z-2
g1 x86.872628 y49.242622 z-2
g1 x87.022683 y49.29164 z-2
g1 x87.174211 y49.335895 z-2
g1 x87.327062 y49.375347 z-2
g1 x87.48108 y49.409952 z-2
g1 x87.636112 y49.439678 z-2
g1 x87.792009 y49.464495 z-2
g1 x87.94861 y49.484379 z-2
g1 x88.10576 y49.499308 z-2
g1 x88.263305 y49.50927 z-2
g1 x88.421084 y49.514253 z-2
g1 x88.57894 y49.514252 z-2
g1 x88.736721 y49.509268 z-2
g1 x88.894266 y49.499306 z-2
g1 x89.051418 y49.484375 z-2
g1 x89.208017 y49.464492 z-2
g1 x89.363912 y49.439673 z-2
g1 x89.518949 y49.409946 z-2
g1 x89.672966 y49.37534 z-2
g1 x89.825812 y49.33589 z-2
g1 x89.977341 y49.291632 z-2
g1 x90.127398 y49.242614 z-2
g1 x90.27583 y49.188882 z-2
g1 x90.422493 y49.130493 z-2
g1 x90.567238 y49.067503 z-2
g1 x90.709925 y48.999973 z-2
g1 x90.850406 y48.927975 z-2
g1 x90.988545 y48.851576 z-2
g1 x91.124206 y48.770855 z-2
g1 x91.257247 y48.685893 z-2
g1 x91.387542 y48.596771 z-2
g1 x91.514961 y48.503579 z-2
g1 x91.639371 y48.406415 z-2
g1 x91.76065 y48.305372 z-2
g1 x91.878682 y48.200547 z-2
g1 x91.993346 y48.09205 z-2
g1 x92.104527 y47.979987 z-2
g1 x92.212114 y47.864473 z-2
g1 x92.316002 y47.745616 z-2
g1 x92.416088 y47.623539 z-2
g1 x92.512267 y47.498365 z-2
g1 x92.604447 y47.370218 z-2
g1 x92.692536 y47.239224 z-2
g1 x92.776447 y47.105513 z-2
g1 x92.856094 y46.969221 z-2
g1 x92.931399 y46.830482 z-2
g1 x93.002287 y46.689435 z-2
g1 x93.068686 y46.546221 z-2
g1 x93.130532 y46.400982 z-2
g1 x93.187761 y46.253864 z-2
g1 x93.240319 y46.105008 z-2
g1 x93.288151 y45.954573 z-2
g1 x93.331209 y45.802702 z-2
g1 x93.369452 y45.649544 z-2
g1 x93.402841 y45.495257 z-2
g1 x93.431343 y45.339996 z-2
g1 x93.454928 y45.183909 z-2
g1 x93.473575 y45.027155 z-2
g1 x93.487264 y44.869891 z-2
g1 x93.495982 y44.712273 z-2
g1 x93.49972 y44.554458 z-2
g1 x93.498474 y44.396605 z-2
g1 x93.492245 y44.238872 z-2
g1 x93.481039 y44.081411 z-2
g1 x93.464869 y43.924382 z-2
g1 x93.443749 y43.767941 z-2
g1 x93.417702 y43.612248 z-2
g1 x93.386753 y43.457456 z-2
g1 x93.350932 y43.303714 z-2
g1 x93.310275 y43.151179 z-2
g1 x93.264824 y43.000005 z-2
g1 x93.214623 y42.850343 z-2
g1 x93.159723 y42.70234 z-2
g1 x93.100177 y42.556143 z-2
g1 x93.036046 y42.411897 z-2
g1 x92.967393 y42.269749 z-2
g1 x92.894288 y42.129839 z-2
g1 x92.816802 y41.992307 z-2
g1 x92.735013 y41.85729 z-2
g1 x92.649002 y41.724922 z-2
g1 x92.558854 y41.595332 z-2
g1 x92.464663 y41.468656 z-2
g1 x92.366519 y41.345018 z-2
g1 x92.264519 y41.224537 z-2
g1 x92.158768 y41.107337 z-2
g1 x92.049369 y40.993533 z-2
g1 x91.936432 y40.883239 z-2
g1 x91.820069 y40.776565 z-2
g1 x91.700398 y40.673619 z-2
g1 x91.577537 y40.574502 z-2
g1 x91.451609 y40.479314 z-2
g1 x91.322738 y40.388148 z-2
g1 x91.191051 y40.301095 z-2
g1 x91.056683 y40.218243 z-2
g1 x90.919764 y40.139673 z-2
g1 x90.780436 y40.065464 z-2
g1 x90.638835 y39.995693 z-2
g1 x90.495102 y39.930425 z-2
g1 x90.34938 y39.869729 z-2
g1 x90.201813 y39.813661 z-2
g1 x90.05255 y39.762281 z-2
g1 x89.901739 y39.715638 z-2
g1 x89.749532 y39.673779 z-2
g1 x89.59608 y39.636746 z-2
g1 x89.441535 y39.604576 z-2
g1 x89.286051 y39.577301 z-2
g1 x89.129781 y39.554947 z-2
g1 x88.972886 y39.537537 z-2
g1 x88.815523 y39.52509 z-2
g1 x88.65784 y39.517617 z-2
g1 x88.499972 y39.515125 z-2
(exiting)
g0 z3
(Block-name: Shape2DView001 [in,conventional,cw,cut:-2])
(Block-expand: 0)
(Block-enable: 1)
(pass -1.000000)
g0 z3
g0 x107.717847 y35.57
g1 z-1 f100
(entered)
g1 x136.702153 y35.57 z-1 f600
g1 x136.71 y35.562153 z-1
g1 x136.71 y25.277847 z-1
g1 x136.702153 y25.27 z-1
g1 x107.718018 y25.27 z-1
g1 x107.71 y25.278018 z-1
g1 x107.717847 y35.57 z-1
(pass -2.000000)
g0 x107.717847 y35.57
g1 z-2 f100
(entered)
g1 x136.702153 y35.57 z-2 f600
g1 x136.71 y35.562153 z-2
g1 x136.71 y25.277847 z-2
g1 x136.702153 y25.27 z-2
g1 x107.718018 y25.27 z-2
g1 x107.71 y25.278018 z-2
g1 x107.717847 y35.57 z-2
(exiting)
g0 z3
(Block-name: Body)
(Block-expand: 0)
(Block-enable: 0)
(Block-X: g0 z3)
(Block-X: g0 x261 y120)
(Block-X: g0 z0)
(Block-X: [entered])
(Block-X: g1 x261 y-0 z0 f400)
(Block-X: g1 x191 y0 z0)
(Block-X: g1 x191 y120 z0)
(Block-X: g1 x261 y120 z0)
(Block-X: [exiting])
(Block-X: g0 z3)
(Block-name: Shape2DView001 [in,conventional,cw,cut:-2])
(Block-expand: 0)
(Block-enable: 1)
(pass -1.000000)
g0 z3
g0 x106.007847 y16
g1 z-1 f100
(entered)
g1 x143.992153 y16 z-1 f600
g1 x144 y15.992153 z-1
g1 x144 y10.007847 z-1
g1 x143.992153 y10 z-1
g1 x106.008018 y10 z-1
g1 x106 y10.008018 z-1
g1 x106.007847 y16 z-1
(pass -2.000000)
g0 x106.007847 y16
g1 z-2 f100
(entered)
g1 x143.992153 y16 z-2 f600
g1 x144 y15.992153 z-2
g1 x144 y10.007847 z-2
g1 x143.992153 y10 z-2
g1 x106.008018 y10 z-2
g1 x106 y10.008018 z-2
g1 x106.007847 y16 z-2
(exiting)
g0 z3
(Block-name: Shape2DView001 [in,conventional,cw,cut:-2])
(Block-expand: 0)
(Block-enable: 1)
(pass -1.000000)
g0 z3
g0 x154.094987 y12.100125
g1 z-1 f100
(entered)
g1 x154.016069 y12.101371 z-1 f600
g1 x153.93723 y12.105108 z-1
g1 x153.858547 y12.111332 z-1
g1 x153.780105 y12.120036 z-1
g1 x153.701975 y12.131213 z-1
g1 x153.624231 y12.144852 z-1
g1 x153.546958 y12.160937 z-1
g1 x153.470237 y12.179452 z-1
g1 x153.394136 y12.200382 z-1
g1 x153.31873 y12.223704 z-1
g1 x153.244101 y12.249394 z-1
g1 x153.17032 y12.277427 z-1
g1 x153.097463 y12.307774 z-1
g1 x153.0256 y12.340407 z-1
g1 x152.954799 y12.375294 z-1
g1 x152.885133 y12.412399 z-1
g1 x152.816681 y12.451681 z-1
g1 x152.749495 y12.493109 z-1
g1 x152.683654 y12.536633 z-1
g1 x152.619226 y12.582212 z-1
g1 x152.556259 y12.62981 z-1
g1 x152.494829 y12.679367 z-1
g1 x152.434998 y12.730837 z-1
g1 x152.376815 y12.784176 z-1
g1 x152.32035 y12.83932 z-1
g1 x152.265653 y12.89622 z-1
g1 x152.212778 y12.95482 z-1
g1 x152.161782 y13.015057 z-1
g1 x152.112711 y13.076876 z-1
g1 x152.065615 y13.140216 z-1
g1 x152.020544 y13.205006 z-1
g1 x151.977539 y13.271191 z-1
g1 x151.936645 y13.338699 z-1
g1 x151.897904 y13.407461 z-1
g1 x151.861354 y13.477412 z-1
g1 x151.827028 y13.548489 z-1
g1 x151.794962 y13.62061 z-1
g1 x151.765192 y13.693703 z-1
g1 x151.737742 y13.767706 z-1
g1 x151.712643 y13.842535 z-1
g1 x151.689919 y13.918117 z-1
g1 x151.669592 y13.994384 z-1
g1 x151.651681 y14.071255 z-1
g1 x151.636207 y14.14865 z-1
g1 x151.623185 y14.226491 z-1
g1 x151.612626 y14.30471 z-1
g1 x151.604541 y14.383223 z-1
g1 x151.59894 y14.461952 z-1
g1 x151.595825 y14.54082 z-1
g1 x151.595202 y14.619743 z-1
g1 x151.597072 y14.698647 z-1
g1 x151.601431 y14.777455 z-1
g1 x151.608275 y14.856083 z-1
g1 x151.617599 y14.934458 z-1
g1 x151.629392 y15.012502 z-1
g1 x151.643643 y15.090128 z-1
g1 x151.660337 y15.167269 z-1
g1 x151.679459 y15.243846 z-1
g1 x151.700989 y15.319782 z-1
g1 x151.724905 y15.395002 z-1
g1 x151.751181 y15.46942 z-1
g1 x151.779796 y15.542978 z-1
g1 x151.810719 y15.615597 z-1
g1 x151.843918 y15.6872 z-1
g1 x151.879363 y15.757725 z-1
g1 x151.917014 y15.827092 z-1
g1 x151.956837 y15.895236 z-1
g1 x151.99879 y15.962087 z-1
g1 x152.042836 y16.027585 z-1
g1 x152.088925 y16.091657 z-1
g1 x152.137013 y16.15424 z-1
g1 x152.187056 y16.215279 z-1
g1 x152.238997 y16.274704 z-1
g1 x152.292791 y16.332461 z-1
g1 x152.34838 y16.38849 z-1
g1 x152.405711 y16.442737 z-1
g1 x152.464724 y16.495146 z-1
g1 x152.525362 y16.545665 z-1
g1 x152.587568 y16.594248 z-1
g1 x152.651276 y16.640842 z-1
g1 x152.716423 y16.685402 z-1
g1 x152.782941 y16.727881 z-1
g1 x152.85077 y16.76824 z-1
g1 x152.919838 y16.806439 z-1
g1 x152.990078 y16.842437 z-1
g1 x153.061421 y16.876201 z-1
g1 x153.133788 y16.907693 z-1
g1 x153.207119 y16.936887 z-1
g1 x153.281334 y16.963752 z-1
g1 x153.356359 y16.98826 z-1
g1 x153.432123 y17.010388 z-1
g1 x153.508547 y17.030113 z-1
g1 x153.585552 y17.047415 z-1
g1 x153.663066 y17.062277 z-1
g1 x153.741017 y17.074686 z-1
g1 x153.819312 y17.084628 z-1
g1 x153.897885 y17.092092 z-1
g1 x153.976654 y17.097073 z-1
g1 x154.055544 y17.099564 z-1
g1 x154.13447 y17.099564 z-1
g1 x154.213356 y17.097072 z-1
g1 x154.29213 y17.092091 z-1
g1 x154.370701 y17.084626 z-1
g1 x154.448997 y17.074684 z-1
g1 x154.526947 y17.062275 z-1
g1 x154.604463 y17.047412 z-1
g1 x154.681466 y17.03011 z-1
g1 x154.757891 y17.010384 z-1
g1 x154.833653 y16.988256 z-1
g1 x154.908679 y16.963748 z-1
g1 x154.982895 y16.936883 z-1
g1 x155.05622 y16.90769 z-1
g1 x155.128592 y16.876195 z-1
g1 x155.199933 y16.842431 z-1
g1 x155.270173 y16.806432 z-1
g1 x155.339243 y16.768233 z-1
g1 x155.407072 y16.727874 z-1
g1 x155.47359 y16.685394 z-1
g1 x155.538734 y16.640835 z-1
g1 x155.602441 y16.594241 z-1
g1 x155.664646 y16.545659 z-1
g1 x155.725285 y16.495137 z-1
g1 x155.784301 y16.442726 z-1
g1 x155.841631 y16.38848 z-1
g1 x155.897217 y16.332453 z-1
g1 x155.951008 y16.274697 z-1
g1 x156.002954 y16.215266 z-1
g1 x156.052997 y16.154228 z-1
g1 x156.101084 y16.091645 z-1
g1 x156.147173 y16.027573 z-1
g1 x156.191215 y15.96208 z-1
g1 x156.233169 y15.895225 z-1
g1 x156.272995 y15.827076 z-1
g1 x156.310644 y15.757713 z-1
g1 x156.346086 y15.687193 z-1
g1 x156.379286 y15.615586 z-1
g1 x156.410208 y15.542967 z-1
g1 x156.438823 y15.469408 z-1
g1 x156.465101 y15.394984 z-1
g1 x156.489016 y15.319768 z-1
g1 x156.510544 y15.243837 z-1
g1 x156.529665 y15.16726 z-1
g1 x156.54636 y15.090115 z-1
g1 x156.56061 y15.012488 z-1
g1 x156.572402 y14.934444 z-1
g1 x156.581726 y14.856069 z-1
g1 x156.58857 y14.777442 z-1
g1 x156.592929 y14.698634 z-1
g1 x156.594798 y14.619729 z-1
g1 x156.594175 y14.540806 z-1
g1 x156.59106 y14.461938 z-1
g1 x156.585458 y14.383209 z-1
g1 x156.577373 y14.3047 z-1
g1 x156.566813 y14.226482 z-1
g1 x156.55379 y14.148635 z-1
g1 x156.538315 y14.071238 z-1
g1 x156.520405 y13.99437 z-1
g1 x156.500078 y13.918107 z-1
g1 x156.477352 y13.842521 z-1
g1 x156.452254 y13.767693 z-1
g1 x156.424804 y13.693695 z-1
g1 x156.395032 y13.620597 z-1
g1 x156.362967 y13.548477 z-1
g1 x156.32864 y13.477401 z-1
g1 x156.292088 y13.407448 z-1
g1 x156.253345 y13.338683 z-1
g1 x156.212454 y13.271178 z-1
g1 x156.169451 y13.204999 z-1
g1 x156.124376 y13.140202 z-1
g1 x156.07728 y13.076864 z-1
g1 x156.02821 y13.015047 z-1
g1 x155.977214 y12.954811 z-1
g1 x155.924338 y12.896211 z-1
g1 x155.869638 y12.839308 z-1
g1 x155.813174 y12.784165 z-1
g1 x155.754995 y12.730831 z-1
g1 x155.695158 y12.679357 z-1
g1 x155.63373 y12.6298 z-1
g1 x155.570769 y12.582209 z-1
g1 x155.506332 y12.536625 z-1
g1 x155.440489 y12.493098 z-1
g1 x155.373312 y12.451676 z-1
g1 x155.304853 y12.412392 z-1
g1 x155.235188 y12.375287 z-1
g1 x155.164392 y12.340403 z-1
g1 x155.092527 y12.307771 z-1
g1 x155.019667 y12.277422 z-1
g1 x154.945883 y12.249388 z-1
g1 x154.871256 y12.223699 z-1
g1 x154.795855 y12.20038 z-1
g1 x154.71975 y12.17945 z-1
g1 x154.643025 y12.160933 z-1
g1 x154.565755 y12.144849 z-1
g1 x154.488015 y12.131212 z-1
g1 x154.409886 y12.120035 z-1
g1 x154.331439 y12.111331 z-1
g1 x154.252751 y12.105107 z-1
g1 x154.173919 y12.10137 z-1
g1 x154.094987 y12.100125 z-1
(pass -2.000000)
g0 x154.094987 y12.100125
g1 z-2 f100
(entered)
g1 x154.016069 y12.101371 z-2 f600
g1 x153.93723 y12.105108 z-2
g1 x153.858547 y12.111332 z-2
g1 x153.780105 y12.120036 z-2
g1 x153.701975 y12.131213 z-2
g1 x153.624231 y12.144852 z-2
g1 x153.546958 y12.160937 z-2
g1 x153.470237 y12.179452 z-2
g1 x153.394136 y12.200382 z-2
g1 x153.31873 y12.223704 z-2
g1 x153.244101 y12.249394 z-2
g1 x153.17032 y12.277427 z-2
g1 x153.097463 y12.307774 z-2
g1 x153.0256 y12.340407 z-2
g1 x152.954799 y12.375294 z-2
g1 x152.885133 y12.412399 z-2
g1 x152.816681 y12.451681 z-2
g1 x152.749495 y12.493109 z-2
g1 x152.683654 y12.536633 z-2
g1 x152.619226 y12.582212 z-2
g1 x152.556259 y12.62981 z-2
g1 x152.494829 y12.679367 z-2
g1 x152.434998 y12.730837 z-2
g1 x152.376815 y12.784176 z-2
g1 x152.32035 y12.83932 z-2
g1 x152.265653 y12.89622 z-2
g1 x152.212778 y12.95482 z-2
g1 x152.161782 y13.015057 z-2
g1 x152.112711 y13.076876 z-2
g1 x152.065615 y13.140216 z-2
g1 x152.020544 y13.205006 z-2
g1 x151.977539 y13.271191 z-2
g1 x151.936645 y13.338699 z-2
g1 x151.897904 y13.407461 z-2
g1 x151.861354 y13.477412 z-2
g1 x151.827028 y13.548489 z-2
g1 x151.794962 y13.62061 z-2
g1 x151.765192 y13.693703 z-2
g1 x151.737742 y13.767706 z-2
g1 x151.712643 y13.842535 z-2
g1 x151.689919 y13.918117 z-2
g1 x151.669592 y13.994384 z-2
g1 x151.651681 y14.071255 z-2
g1 x151.636207 y14.14865 z-2
g1 x151.623185 y14.226491 z-2
g1 x151.612626 y14.30471 z-2
g1 x151.604541 y14.383223 z-2
g1 x151.59894 y14.461952 z-2
g1 x151.595825 y14.54082 z-2
g1 x151.595202 y14.619743 z-2
g1 x151.597072 y14.698647 z-2
g1 x151.601431 y14.777455 z-2
g1 x151.608275 y14.856083 z-2
g1 x151.617599 y14.934458 z-2
g1 x151.629392 y15.012502 z-2
g1 x151.643643 y15.090128 z-2
g1 x151.660337 y15.167269 z-2
g1 x151.679459 y15.243846 z-2
g1 x151.700989 y15.319782 z-2
g1 x151.724905 y15.395002 z-2
g1 x151.751181 y15.46942 z-2
g1 x151.779796 y15.542978 z-2
g1 x151.810719 y15.615597 z-2
g1 x151.843918 y15.6872 z-2
g1 x151.879363 y15.757725 z-2
g1 x151.917014 y15.827092 z-2
g1 x151.956837 y15.895236 z-2
g1 x151.99879 y15.962087 z-2
g1 x152.042836 y16.027585 z-2
g1 x152.088925 y16.091657 z-2
g1 x152.137013 y16.15424 z-2
g1 x152.187056 y16.215279 z-2
g1 x152.238997 y16.274704 z-2
g1 x152.292791 y16.332461 z-2
g1 x152.34838 y16.38849 z-2
g1 x152.405711 y16.442737 z-2
g1 x152.464724 y16.495146 z-2
g1 x152.525362 y16.545665 z-2
g1 x152.587568 y16.594248 z-2
g1 x152.651276 y16.640842 z-2
g1 x152.716423 y16.685402 z-2
g1 x152.782941 y16.727881 z-2
g1 x152.85077 y16.76824 z-2
g1 x152.919838 y16.806439 z-2
g1 x152.990078 y16.842437 z-2
g1 x153.061421 y16.876201 z-2
g1 x153.133788 y16.907693 z-2
g1 x153.207119 y16.936887 z-2
g1 x153.281334 y16.963752 z-2
g1 x153.356359 y16.98826 z-2
g1 x153.432123 y17.010388 z-2
g1 x153.508547 y17.030113 z-2
g1 x153.585552 y17.047415 z-2
g1 x153.663066 y17.062277 z-2
g1 x153.741017 y17.074686 z-2
g1 x153.819312 y17.084628 z-2
g1 x153.897885 y17.092092 z-2
g1 x153.976654 y17.097073 z-2
g1 x154.055544 y17.099564 z-2
g1 x154.13447 y17.099564 z-2
g1 x154.213356 y17.097072 z-2
g1 x154.29213 y17.092091 z-2
g1 x154.370701 y17.084626 z-2
g1 x154.448997 y17.074684 z-2
g1 x154.526947 y17.062275 z-2
g1 x154.604463 y17.047412 z-2
g1 x154.681466 y17.03011 z-2
g1 x154.757891 y17.010384 z-2
g1 x154.833653 y16.988256 z-2
g1 x154.908679 y16.963748 z-2
g1 x154.982895 y16.936883 z-2
g1 x155.05622 y16.90769 z-2
g1 x155.128592 y16.876195 z-2
g1 x155.199933 y16.842431 z-2
g1 x155.270173 y16.806432 z-2
g1 x155.339243 y16.768233 z-2
g1 x155.407072 y16.727874 z-2
g1 x155.47359 y16.685394 z-2
g1 x155.538734 y16.640835 z-2
g1 x155.602441 y16.594241 z-2
g1 x155.664646 y16.545659 z-2
g1 x155.725285 y16.495137 z-2
g1 x155.784301 y16.442726 z-2
g1 x155.841631 y16.38848 z-2
g1 x155.897217 y16.332453 z-2
g1 x155.951008 y16.274697 z-2
g1 x156.002954 y16.215266 z-2
g1 x156.052997 y16.154228 z-2
g1 x156.101084 y16.091645 z-2
g1 x156.147173 y16.027573 z-2
g1 x156.191215 y15.96208 z-2
g1 x156.233169 y15.895225 z-2
g1 x156.272995 y15.827076 z-2
g1 x156.310644 y15.757713 z-2
g1 x156.346086 y15.687193 z-2
g1 x156.379286 y15.615586 z-2
g1 x156.410208 y15.542967 z-2
g1 x156.438823 y15.469408 z-2
g1 x156.465101 y15.394984 z-2
g1 x156.489016 y15.319768 z-2
g1 x156.510544 y15.243837 z-2
g1 x156.529665 y15.16726 z-2
g1 x156.54636 y15.090115 z-2
g1 x156.56061 y15.012488 z-2
g1 x156.572402 y14.934444 z-2
g1 x156.581726 y14.856069 z-2
g1 x156.58857 y14.777442 z-2
g1 x156.592929 y14.698634 z-2
g1 x156.594798 y14.619729 z-2
g1 x156.594175 y14.540806 z-2
g1 x156.59106 y14.461938 z-2
g1 x156.585458 y14.383209 z-2
g1 x156.577373 y14.3047 z-2
g1 x156.566813 y14.226482 z-2
g1 x156.55379 y14.148635 z-2
g1 x156.538315 y14.071238 z-2
g1 x156.520405 y13.99437 z-2
g1 x156.500078 y13.918107 z-2
g1 x156.477352 y13.842521 z-2
g1 x156.452254 y13.767693 z-2
g1 x156.424804 y13.693695 z-2
g1 x156.395032 y13.620597 z-2
g1 x156.362967 y13.548477 z-2
g1 x156.32864 y13.477401 z-2
g1 x156.292088 y13.407448 z-2
g1 x156.253345 y13.338683 z-2
g1 x156.212454 y13.271178 z-2
g1 x156.169451 y13.204999 z-2
g1 x156.124376 y13.140202 z-2
g1 x156.07728 y13.076864 z-2
g1 x156.02821 y13.015047 z-2
g1 x155.977214 y12.954811 z-2
g1 x155.924338 y12.896211 z-2
g1 x155.869638 y12.839308 z-2
g1 x155.813174 y12.784165 z-2
g1 x155.754995 y12.730831 z-2
g1 x155.695158 y12.679357 z-2
g1 x155.63373 y12.6298 z-2
g1 x155.570769 y12.582209 z-2
g1 x155.506332 y12.536625 z-2
g1 x155.440489 y12.493098 z-2
g1 x155.373312 y12.451676 z-2
g1 x155.304853 y12.412392 z-2
g1 x155.235188 y12.375287 z-2
g1 x155.164392 y12.340403 z-2
g1 x155.092527 y12.307771 z-2
g1 x155.019667 y12.277422 z-2
g1 x154.945883 y12.249388 z-2
g1 x154.871256 y12.223699 z-2
g1 x154.795855 y12.20038 z-2
g1 x154.71975 y12.17945 z-2
g1 x154.643025 y12.160933 z-2
g1 x154.565755 y12.144849 z-2
g1 x154.488015 y12.131212 z-2
g1 x154.409886 y12.120035 z-2
g1 x154.331439 y12.111331 z-2
g1 x154.252751 y12.105107 z-2
g1 x154.173919 y12.10137 z-2
g1 x154.094987 y12.100125 z-2
(exiting)
g0 z3
(Block-name: Body)
(Block-expand: 0)
(Block-enable: 0)
(Block-X: g0 z3)
(Block-X: g0 x246.135 y27.835)
(Block-X: g0 z0)
(Block-X: [entered])
(Block-X: g1 x244.135 y27.835 z0 f400)
(Block-X: g2 x244.135 y30.435 i0 j1.3 z0 )
(Block-X: g1 x246.135 y30.435 z0)
(Block-X: g2 x246.135 y27.835 i0 j-1.3 z0 )
(Block-X: [exiting])
(Block-X: g0 z3)
(Block-name: Body)
(Block-expand: 0)
(Block-enable: 0)
(Block-X: g0 z3)
(Block-X: g0 x197.135 y27.835)
(Block-X: g0 z0)
(Block-X: [entered])
(Block-X: g1 x195.135 y27.835 z0 f400)
(Block-X: g2 x195.135 y30.435 i0 j1.3 z0 )
(Block-X: g1 x197.135 y30.435 z0)
(Block-X: g2 x197.135 y27.835 i0 j-1.3 z0 )
(Block-X: [exiting])
(Block-X: g0 z3)
(Block-name: Shape2DView001 [in,conventional,cw,cut:-2])
(Block-expand: 0)
(Block-enable: 1)
(pass -1.000000)
g0 z3
g0 x153.699981 y27.000125
g1 z-1 f100
(entered)
g1 x153.589497 y27.00187 z-1 f600
g1 x153.479117 y27.007102 z-1
g1 x153.368963 y27.015815 z-1
g1 x153.25914 y27.028002 z-1
g1 x153.149751 y27.04365 z-1
g1 x153.040915 y27.062743 z-1
g1 x152.932734 y27.085263 z-1
g1 x152.825319 y27.111185 z-1
g1 x152.718775 y27.140487 z-1
g1 x152.613209 y27.173137 z-1
g1 x152.508728 y27.209104 z-1
g1 x152.405431 y27.248351 z-1
g1 x152.303426 y27.29084 z-1
g1 x152.202814 y27.336527 z-1
g1 x152.103695 y27.385367 z-1
g1 x152.006167 y27.437313 z-1
g1 x151.910324 y27.492312 z-1
g1 x151.816268 y27.550308 z-1
g1 x151.724091 y27.611244 z-1
g1 x151.633882 y27.67506 z-1
g1 x151.545733 y27.741693 z-1
g1 x151.45973 y27.811075 z-1
g1 x151.375962 y27.883136 z-1
g1 x151.294508 y27.957809 z-1
g1 x151.215455 y28.035011 z-1
g1 x151.138879 y28.114673 z-1
g1 x151.064853 y28.196715 z-1
g1 x150.993454 y28.281052 z-1
g1 x150.924754 y28.367598 z-1
g1 x150.85882 y28.456271 z-1
g1 x150.795719 y28.546982 z-1
g1 x150.735514 y28.639636 z-1
g1 x150.678262 y28.73415 z-1
g1 x150.624022 y28.830422 z-1
g1 x150.572851 y28.928356 z-1
g1 x150.524794 y29.027862 z-1
g1 x150.479902 y29.128834 z-1
g1 x150.438221 y29.23117 z-1
g1 x150.399793 y29.334769 z-1
g1 x150.364654 y29.439531 z-1
g1 x150.332839 y29.545354 z-1
g1 x150.304379 y29.652128 z-1
g1 x150.279306 y29.759743 z-1
g1 x150.257643 y29.868098 z-1
g1 x150.239409 y29.977085 z-1
g1 x150.224627 y30.086589 z-1
g1 x150.213308 y30.196511 z-1
g1 x150.205465 y30.306732 z-1
g1 x150.201105 y30.417142 z-1
g1 x150.200233 y30.527639 z-1
g1 x150.202851 y30.638106 z-1
g1 x150.208954 y30.748439 z-1
g1 x150.218536 y30.858524 z-1
g1 x150.231589 y30.968249 z-1
g1 x150.2481 y31.077507 z-1
g1 x150.268052 y31.186193 z-1
g1 x150.291424 y31.29419 z-1
g1 x150.318195 y31.401398 z-1
g1 x150.348336 y31.507708 z-1
g1 x150.381818 y31.613011 z-1
g1 x150.41861 y31.717211 z-1
g1 x150.45867 y31.820193 z-1
g1 x150.501961 y31.921856 z-1
g1 x150.54844 y32.022103 z-1
g1 x150.598063 y32.120838 z-1
g1 x150.650777 y32.217955 z-1
g1 x150.706528 y32.313354 z-1
g1 x150.765265 y32.40695 z-1
g1 x150.826928 y32.498646 z-1
g1 x150.891454 y32.588349 z-1
g1 x150.958781 y32.67597 z-1
g1 x151.028839 y32.761422 z-1
g1 x151.101559 y32.844619 z-1
g1 x151.17687 y32.925479 z-1
g1 x151.254694 y33.003919 z-1
g1 x151.334961 y33.079867 z-1
g1 x151.417585 y33.153245 z-1
g1 x151.502479 y33.223973 z-1
g1 x151.589565 y33.291987 z-1
g1 x151.678757 y33.357219 z-1
g1 x151.769965 y33.419604 z-1
g1 x151.863093 y33.479077 z-1
g1 x151.958051 y33.535579 z-1
g1 x152.05475 y33.589058 z-1
g1 x152.153087 y33.639457 z-1
g1 x152.252967 y33.686726 z-1
g1 x152.354288 y33.730818 z-1
g1 x152.456948 y33.771689 z-1
g1 x152.560852 y33.8093 z-1
g1 x152.665893 y33.843613 z-1
g1 x152.771959 y33.874592 z-1
g1 x152.878948 y33.902206 z-1
g1 x152.986762 y33.926429 z-1
g1 x153.095289 y33.947238 z-1
g1 x153.20441 y33.96461 z-1
g1 x153.314028 y33.978527 z-1
g1 x153.424037 y33.988978 z-1
g1 x153.534315 y33.995952 z-1
g1 x153.644758 y33.999439 z-1
g1 x153.755262 y33.999439 z-1
g1 x153.865702 y33.995951 z-1
g1 x153.97598 y33.988977 z-1
g1 x154.085988 y33.978525 z-1
g1 x154.195611 y33.964606 z-1
g1 x154.304734 y33.947235 z-1
g1 x154.413253 y33.926427 z-1
g1 x154.521065 y33.902202 z-1
g1 x154.628061 y33.874586 z-1
g1 x154.73413 y33.843606 z-1
g1 x154.839167 y33.809295 z-1
g1 x154.943064 y33.771685 z-1
g1 x155.045731 y33.73081 z-1
g1 x155.147053 y33.686718 z-1
g1 x155.246928 y33.639449 z-1
g1 x155.345267 y33.589049 z-1
g1 x155.441964 y33.535571 z-1
g1 x155.536923 y33.479067 z-1
g1 x155.630053 y33.419593 z-1
g1 x155.721259 y33.357208 z-1
g1 x155.810449 y33.291976 z-1
g1 x155.897534 y33.223963 z-1
g1 x155.982431 y33.153231 z-1
g1 x156.065053 y33.079855 z-1
g1 x156.145317 y33.003907 z-1
g1 x156.223142 y32.925465 z-1
g1 x156.298453 y32.844604 z-1
g1 x156.371174 y32.761406 z-1
g1 x156.441231 y32.675956 z-1
g1 x156.508557 y32.588334 z-1
g1 x156.573083 y32.498631 z-1
g1 x156.634744 y32.406937 z-1
g1 x156.69348 y32.313341 z-1
g1 x156.749232 y32.217938 z-1
g1 x156.801945 y32.120821 z-1
g1 x156.851567 y32.022088 z-1
g1 x156.898047 y31.921837 z-1
g1 x156.941339 y31.82017 z-1
g1 x156.981398 y31.717193 z-1
g1 x157.018187 y31.612996 z-1
g1 x157.051669 y31.507691 z-1
g1 x157.08181 y31.401382 z-1
g1 x157.10858 y31.294171 z-1
g1 x157.131952 y31.186173 z-1
g1 x157.151903 y31.07749 z-1
g1 x157.168413 y30.968232 z-1
g1 x157.181465 y30.858504 z-1
g1 x157.191048 y30.74842 z-1
g1 x157.19715 y30.63809 z-1
g1 x157.199767 y30.527622 z-1
g1 x157.198894 y30.417125 z-1
g1 x157.194534 y30.306711 z-1
g1 x157.18669 y30.196488 z-1
g1 x157.175372 y30.086573 z-1
g1 x157.160588 y29.977068 z-1
g1 x157.142354 y29.868078 z-1
g1 x157.12069 y29.759727 z-1
g1 x157.095616 y29.652108 z-1
g1 x157.067156 y29.545334 z-1
g1 x157.035341 y29.439516 z-1
g1 x157.000202 y29.334754 z-1
g1 x156.961771 y29.231151 z-1
g1 x156.92009 y29.128815 z-1
g1 x156.875199 y29.027846 z-1
g1 x156.827142 y28.928341 z-1
g1 x156.775968 y28.830406 z-1
g1 x156.721728 y28.734133 z-1
g1 x156.664478 y28.639624 z-1
g1 x156.604269 y28.546965 z-1
g1 x156.541167 y28.456254 z-1
g1 x156.475234 y28.367583 z-1
g1 x156.406533 y28.281034 z-1
g1 x156.335136 y28.1967 z-1
g1 x156.26111 y28.114661 z-1
g1 x156.184531 y28.034998 z-1
g1 x156.105479 y27.957796 z-1
g1 x156.024026 y27.883125 z-1
g1 x155.940254 y27.811062 z-1
g1 x155.854254 y27.741682 z-1
g1 x155.766104 y27.675051 z-1
g1 x155.675892 y27.611232 z-1
g1 x155.583715 y27.550297 z-1
g1 x155.489657 y27.492301 z-1
g1 x155.393819 y27.437303 z-1
g1 x155.29629 y27.38536 z-1
g1 x155.197169 y27.336519 z-1
g1 x155.096557 y27.290833 z-1
g1 x154.994552 y27.248345 z-1
g1 x154.891256 y27.209098 z-1
g1 x154.786771 y27.173131 z-1
g1 x154.681207 y27.140482 z-1
g1 x154.574665 y27.111182 z-1
g1 x154.467248 y27.085259 z-1
g1 x154.359065 y27.062739 z-1
g1 x154.25023 y27.043647 z-1
g1 x154.140844 y27.028 z-1
g1 x154.031016 y27.015813 z-1
g1 x153.920863 y27.0071 z-1
g1 x153.810487 y27.001869 z-1
g1 x153.699981 y27.000125 z-1
(pass -2.000000)
g0 x153.699981 y27.000125
g1 z-2 f100
(entered)
g1 x153.589497 y27.00187 z-2 f600
g1 x153.479117 y27.007102 z-2
g1 x153.368963 y27.015815 z-2
g1 x153.25914 y27.028002 z-2
g1 x153.149751 y27.04365 z-2
g1 x153.040915 y27.062743 z-2
g1 x152.932734 y27.085263 z-2
g1 x152.825319 y27.111185 z-2
g1 x152.718775 y27.140487 z-2
g1 x152.613209 y27.173137 z-2
g1 x152.508728 y27.209104 z-2
g1 x152.405431 y27.248351 z-2
g1 x152.303426 y27.29084 z-2
g1 x152.202814 y27.336527 z-2
g1 x152.103695 y27.385367 z-2
g1 x152.006167 y27.437313 z-2
g1 x151.910324 y27.492312 z-2
g1 x151.816268 y27.550308 z-2
g1 x151.724091 y27.611244 z-2
g1 x151.633882 y27.67506 z-2
g1 x151.545733 y27.741693 z-2
g1 x151.45973 y27.811075 z-2
g1 x151.375962 y27.883136 z-2
g1 x151.294508 y27.957809 z-2
g1 x151.215455 y28.035011 z-2
g1 x151.138879 y28.114673 z-2
g1 x151.064853 y28.196715 z-2
g1 x150.993454 y28.281052 z-2
g1 x150.924754 y28.367598 z-2
g1 x150.85882 y28.456271 z-2
g1 x150.795719 y28.546982 z-2
g1 x150.735514 y28.639636 z-2
g1 x150.678262 y28.73415 z-2
g1 x150.624022 y28.830422 z-2
g1 x150.572851 y28.928356 z-2
g1 x150.524794 y29.027862 z-2
g1 x150.479902 y29.128834 z-2
g1 x150.438221 y29.23117 z-2
g1 x150.399793 y29.334769 z-2
g1 x150.364654 y29.439531 z-2
g1 x150.332839 y29.545354 z-2
g1 x150.304379 y29.652128 z-2
g1 x150.279306 y29.759743 z-2
g1 x150.257643 y29.868098 z-2
g1 x150.239409 y29.977085 z-2
g1 x150.224627 y30.086589 z-2
g1 x150.213308 y30.196511 z-2
g1 x150.205465 y30.306732 z-2
g1 x150.201105 y30.417142 z-2
g1 x150.200233 y30.527639 z-2
g1 x150.202851 y30.638106 z-2
g1 x150.208954 y30.748439 z-2
g1 x150.218536 y30.858524 z-2
g1 x150.231589 y30.968249 z-2
g1 x150.2481 y31.077507 z-2
g1 x150.268052 y31.186193 z-2
g1 x150.291424 y31.29419 z-2
g1 x150.318195 y31.401398 z-2
g1 x150.348336 y31.507708 z-2
g1 x150.381818 y31.613011 z-2
g1 x150.41861 y31.717211 z-2
g1 x150.45867 y31.820193 z-2
g1 x150.501961 y31.921856 z-2
g1 x150.54844 y32.022103 z-2
g1 x150.598063 y32.120838 z-2
g1 x150.650777 y32.217955 z-2
g1 x150.706528 y32.313354 z-2
g1 x150.765265 y32.40695 z-2
g1 x150.826928 y32.498646 z-2
g1 x150.891454 y32.588349 z-2
g1 x150.958781 y32.67597 z-2
g1 x151.028839 y32.761422 z-2
g1 x151.101559 y32.844619 z-2
g1 x151.17687 y32.925479 z-2
g1 x151.254694 y33.003919 z-2
g1 x151.334961 y33.079867 z-2
g1 x151.417585 y33.153245 z-2
g1 x151.502479 y33.223973 z-2
g1 x151.589565 y33.291987 z-2
g1 x151.678757 y33.357219 z-2
g1 x151.769965 y33.419604 z-2
g1 x151.863093 y33.479077 z-2
g1 x151.958051 y33.535579 z-2
g1 x152.05475 y33.589058 z-2
g1 x152.153087 y33.639457 z-2
g1 x152.252967 y33.686726 z-2
g1 x152.354288 y33.730818 z-2
g1 x152.456948 y33.771689 z-2
g1 x152.560852 y33.8093 z-2
g1 x152.665893 y33.843613 z-2
g1 x152.771959 y33.874592 z-2
g1 x152.878948 y33.902206 z-2
g1 x152.986762 y33.926429 z-2
g1 x153.095289 y33.947238 z-2
g1 x153.20441 y33.96461 z-2
g1 x153.314028 y33.978527 z-2
g1 x153.424037 y33.988978 z-2
g1 x153.534315 y33.995952 z-2
g1 x153.644758 y33.999439 z-2
g1 x153.755262 y33.999439 z-2
g1 x153.865702 y33.995951 z-2
g1 x153.97598 y33.988977 z-2
g1 x154.085988 y33.978525 z-2
g1 x154.195611 y33.964606 z-2
g1 x154.304734 y33.947235 z-2
g1 x154.413253 y33.926427 z-2
g1 x154.521065 y33.902202 z-2
g1 x154.628061 y33.874586 z-2
g1 x154.73413 y33.843606 z-2
g1 x154.839167 y33.809295 z-2
g1 x154.943064 y33.771685 z-2
g1 x155.045731 y33.73081 z-2
g1 x155.147053 y33.686718 z-2
g1 x155.246928 y33.639449 z-2
g1 x155.345267 y33.589049 z-2
g1 x155.441964 y33.535571 z-2
g1 x155.536923 y33.479067 z-2
g1 x155.630053 y33.419593 z-2
g1 x155.721259 y33.357208 z-2
g1 x155.810449 y33.291976 z-2
g1 x155.897534 y33.223963 z-2
g1 x155.982431 y33.153231 z-2
g1 x156.065053 y33.079855 z-2
g1 x156.145317 y33.003907 z-2
g1 x156.223142 y32.925465 z-2
g1 x156.298453 y32.844604 z-2
g1 x156.371174 y32.761406 z-2
g1 x156.441231 y32.675956 z-2
g1 x156.508557 y32.588334 z-2
g1 x156.573083 y32.498631 z-2
g1 x156.634744 y32.406937 z-2
g1 x156.69348 y32.313341 z-2
g1 x156.749232 y32.217938 z-2
g1 x156.801945 y32.120821 z-2
g1 x156.851567 y32.022088 z-2
g1 x156.898047 y31.921837 z-2
g1 x156.941339 y31.82017 z-2
g1 x156.981398 y31.717193 z-2
g1 x157.018187 y31.612996 z-2
g1 x157.051669 y31.507691 z-2
g1 x157.08181 y31.401382 z-2
g1 x157.10858 y31.294171 z-2
g1 x157.131952 y31.186173 z-2
g1 x157.151903 y31.07749 z-2
g1 x157.168413 y30.968232 z-2
g1 x157.181465 y30.858504 z-2
g1 x157.191048 y30.74842 z-2
g1 x157.19715 y30.63809 z-2
g1 x157.199767 y30.527622 z-2
g1 x157.198894 y30.417125 z-2
g1 x157.194534 y30.306711 z-2
g1 x157.18669 y30.196488 z-2
g1 x157.175372 y30.086573 z-2
g1 x157.160588 y29.977068 z-2
g1 x157.142354 y29.868078 z-2
g1 x157.12069 y29.759727 z-2
g1 x157.095616 y29.652108 z-2
g1 x157.067156 y29.545334 z-2
g1 x157.035341 y29.439516 z-2
g1 x157.000202 y29.334754 z-2
g1 x156.961771 y29.231151 z-2
g1 x156.92009 y29.128815 z-2
g1 x156.875199 y29.027846 z-2
g1 x156.827142 y28.928341 z-2
g1 x156.775968 y28.830406 z-2
g1 x156.721728 y28.734133 z-2
g1 x156.664478 y28.639624 z-2
g1 x156.604269 y28.546965 z-2
g1 x156.541167 y28.456254 z-2
g1 x156.475234 y28.367583 z-2
g1 x156.406533 y28.281034 z-2
g1 x156.335136 y28.1967 z-2
g1 x156.26111 y28.114661 z-2
g1 x156.184531 y28.034998 z-2
g1 x156.105479 y27.957796 z-2
g1 x156.024026 y27.883125 z-2
g1 x155.940254 y27.811062 z-2
g1 x155.854254 y27.741682 z-2
g1 x155.766104 y27.675051 z-2
g1 x155.675892 y27.611232 z-2
g1 x155.583715 y27.550297 z-2
g1 x155.489657 y27.492301 z-2
g1 x155.393819 y27.437303 z-2
g1 x155.29629 y27.38536 z-2
g1 x155.197169 y27.336519 z-2
g1 x155.096557 y27.290833 z-2
g1 x154.994552 y27.248345 z-2
g1 x154.891256 y27.209098 z-2
g1 x154.786771 y27.173131 z-2
g1 x154.681207 y27.140482 z-2
g1 x154.574665 y27.111182 z-2
g1 x154.467248 y27.085259 z-2
g1 x154.359065 y27.062739 z-2
g1 x154.25023 y27.043647 z-2
g1 x154.140844 y27.028 z-2
g1 x154.031016 y27.015813 z-2
g1 x153.920863 y27.0071 z-2
g1 x153.810487 y27.001869 z-2
g1 x153.699981 y27.000125 z-2
(exiting)
g0 z3
(Block-name: Shape2DView001 [in,conventional,cw,cut:-2])
(Block-expand: 0)
(Block-enable: 1)
(pass -1.000000)
g0 z3
g0 x163.707932 y31
g1 z-1 f100
(entered)
g1 x165.692148 y31 z-1 f600
g1 x165.7157 y30.99963 z-1
g1 x165.731386 y30.99889 z-1
g1 x165.747043 y30.997658 z-1
g1 x165.762657 y30.995934 z-1
g1 x165.7782 y30.993722 z-1
g1 x165.793661 y30.991024 z-1
g1 x165.809046 y30.987838 z-1
g1 x165.824321 y30.984171 z-1
g1 x165.839459 y30.980029 z-1
g1 x165.854463 y30.975413 z-1
g1 x165.86933 y30.970323 z-1
g1 x165.884019 y30.964773 z-1
g1 x165.898526 y30.958764 z-1
g1 x165.912839 y30.952301 z-1
g1 x165.926933 y30.945397 z-1
g1 x165.940813 y30.938047 z-1
g1 x165.95446 y30.930263 z-1
g1 x165.967849 y30.922059 z-1
g1 x165.980969 y30.91344 z-1
g1 x165.993825 y30.904405 z-1
g1 x166.006382 y30.894977 z-1
g1 x166.018632 y30.885163 z-1
g1 x166.030576 y30.874962 z-1
g1 x166.042184 y30.864399 z-1
g1 x166.053466 y30.853466 z-1
g1 x166.064399 y30.842184 z-1
g1 x166.074962 y30.830576 z-1
g1 x166.085163 y30.818632 z-1
g1 x166.094977 y30.806382 z-1
g1 x166.104405 y30.793825 z-1
g1 x166.11344 y30.78097 z-1
g1 x166.122059 y30.767849 z-1
g1 x166.130266 y30.754456 z-1
g1 x166.138047 y30.740814 z-1
g1 x166.145395 y30.726938 z-1
g1 x166.152301 y30.712839 z-1
g1 x166.158764 y30.698526 z-1
g1 x166.164773 y30.684019 z-1
g1 x166.170323 y30.66933 z-1
g1 x166.175413 y30.654463 z-1
g1 x166.180029 y30.639459 z-1
g1 x166.184171 y30.624321 z-1
g1 x166.187838 y30.609047 z-1
g1 x166.191024 y30.593661 z-1
g1 x166.193722 y30.5782 z-1
g1 x166.195934 y30.562656 z-1
g1 x166.197658 y30.547043 z-1
g1 x166.19889 y30.531387 z-1
g1 x166.19963 y30.515701 z-1
g1 x166.199877 y30.5 z-1
g1 x166.19963 y30.484299 z-1
g1 x166.19889 y30.468613 z-1
g1 x166.197658 y30.452957 z-1
g1 x166.195934 y30.437344 z-1
g1 x166.193722 y30.4218 z-1
g1 x166.191024 y30.406339 z-1
g1 x166.187838 y30.390953 z-1
g1 x166.184171 y30.375679 z-1
g1 x166.180029 y30.360541 z-1
g1 x166.175413 y30.345537 z-1
g1 x166.170323 y30.33067 z-1
g1 x166.164773 y30.315981 z-1
g1 x166.158764 y30.301474 z-1
g1 x166.152301 y30.287161 z-1
g1 x166.145395 y30.273062 z-1
g1 x166.138047 y30.259186 z-1
g1 x166.130266 y30.245544 z-1
g1 x166.122059 y30.232151 z-1
g1 x166.11344 y30.21903 z-1
g1 x166.104405 y30.206175 z-1
g1 x166.094977 y30.193618 z-1
g1 x166.085163 y30.181368 z-1
g1 x166.074962 y30.169424 z-1
g1 x166.064399 y30.157816 z-1
g1 x166.053466 y30.146534 z-1
g1 x166.042184 y30.135601 z-1
g1 x166.030576 y30.125038 z-1
g1 x166.018632 y30.114837 z-1
g1 x166.006382 y30.105023 z-1
g1 x165.993825 y30.095595 z-1
g1 x165.980969 y30.08656 z-1
g1 x165.967849 y30.077941 z-1
g1 x165.95446 y30.069737 z-1
g1 x165.940813 y30.061953 z-1
g1 x165.926933 y30.054603 z-1
g1 x165.912839 y30.047699 z-1
g1 x165.898526 y30.041236 z-1
g1 x165.884019 y30.035227 z-1
g1 x165.86933 y30.029677 z-1
g1 x165.854463 y30.024587 z-1
g1 x165.839459 y30.019971 z-1
g1 x165.824321 y30.015829 z-1
g1 x165.809046 y30.012162 z-1
g1 x165.793661 y30.008976 z-1
g1 x165.7782 y30.006278 z-1
g1 x165.762657 y30.004066 z-1
g1 x165.747043 y30.002342 z-1
g1 x165.731386 y30.00111 z-1
g1 x165.7157 y30.00037 z-1
g1 x165.692148 y30 z-1
g1 x163.707932 y30 z-1
g1 x163.68414 y30.000377 z-1
g1 x163.668297 y30.001132 z-1
g1 x163.652486 y30.002389 z-1
g1 x163.636724 y30.004147 z-1
g1 x163.621018 y30.006405 z-1
g1 x163.605391 y30.009161 z-1
g1 x163.589873 y30.012408 z-1
g1 x163.574465 y30.016146 z-1
g1 x163.559166 y30.020376 z-1
g1 x163.544019 y30.025085 z-1
g1 x163.529033 y30.030272 z-1
g1 x163.514212 y30.035934 z-1
g1 x163.499587 y30.04206 z-1
g1 x163.485161 y30.048648 z-1
g1 x163.470945 y30.055694 z-1
g1 x163.456964 y30.063185 z-1
g1 x163.443229 y30.071115 z-1
g1 x163.429744 y30.079481 z-1
g1 x163.41654 y30.088266 z-1
g1 x163.403623 y30.097465 z-1
g1 x163.390997 y30.107074 z-1
g1 x163.378688 y30.117074 z-1
g1 x163.366703 y30.127459 z-1
g1 x163.35505 y30.138222 z-1
g1 x163.343738 y30.149356 z-1
g1 x163.332796 y30.160832 z-1
g1 x163.322221 y30.172652 z-1
g1 x163.312023 y30.184805 z-1
g1 x163.302222 y30.197268 z-1
g1 x163.292813 y30.210047 z-1
g1 x163.28382 y30.223109 z-1
g1 x163.275246 y30.236452 z-1
g1 x163.267094 y30.250066 z-1
g1 x163.259382 y30.263928 z-1
g1 x163.252115 y30.278023 z-1
g1 x163.245301 y30.292338 z-1
g1 x163.23894 y30.306875 z-1
g1 x163.233043 y30.321603 z-1
g1 x163.22762 y30.336504 z-1
g1 x163.222669 y30.351577 z-1
g1 x163.218201 y30.366794 z-1
g1 x163.214216 y30.382155 z-1
g1 x163.21072 y30.39763 z-1
g1 x163.207721 y30.413193 z-1
g1 x163.205214 y30.42886 z-1
g1 x163.203206 y30.444595 z-1
g1 x163.201698 y30.460382 z-1
g1 x163.200692 y30.476215 z-1
g1 x163.200189 y30.492067 z-1
g1 x163.200189 y30.507933 z-1
g1 x163.200692 y30.523785 z-1
g1 x163.201698 y30.539618 z-1
g1 x163.203206 y30.555405 z-1
g1 x163.205214 y30.57114 z-1
g1 x163.207721 y30.586807 z-1
g1 x163.21072 y30.60237 z-1
g1 x163.214216 y30.617845 z-1
g1 x163.218201 y30.633206 z-1
g1 x163.222669 y30.648423 z-1
g1 x163.22762 y30.663496 z-1
g1 x163.233043 y30.678397 z-1
g1 x163.23894 y30.693125 z-1
g1 x163.245301 y30.707662 z-1
g1 x163.252115 y30.721977 z-1
g1 x163.259382 y30.736072 z-1
g1 x163.267094 y30.749934 z-1
g1 x163.275246 y30.763548 z-1
g1 x163.28382 y30.776891 z-1
g1 x163.292813 y30.789953 z-1
g1 x163.302222 y30.802732 z-1
g1 x163.312023 y30.815195 z-1
g1 x163.322221 y30.827348 z-1
g1 x163.332796 y30.839168 z-1
g1 x163.343738 y30.850644 z-1
g1 x163.35505 y30.861778 z-1
g1 x163.366703 y30.872541 z-1
g1 x163.378688 y30.882926 z-1
g1 x163.390997 y30.892926 z-1
g1 x163.403623 y30.902535 z-1
g1 x163.41654 y30.911734 z-1
g1 x163.429744 y30.920519 z-1
g1 x163.443229 y30.928885 z-1
g1 x163.456964 y30.936815 z-1
g1 x163.470945 y30.944306 z-1
g1 x163.485161 y30.951352 z-1
g1 x163.499587 y30.95794 z-1
g1 x163.514212 y30.964066 z-1
g1 x163.529033 y30.969728 z-1
g1 x163.544019 y30.974915 z-1
g1 x163.559166 y30.979624 z-1
g1 x163.574465 y30.983854 z-1
g1 x163.589873 y30.987592 z-1
g1 x163.605391 y30.990839 z-1
g1 x163.621018 y30.993595 z-1
g1 x163.636724 y30.995853 z-1
g1 x163.652486 y30.997611 z-1
g1 x163.668297 y30.998868 z-1
g1 x163.68414 y30.999623 z-1
g1 x163.707932 y31 z-1
(pass -2.000000)
g0 x163.707932 y31
g1 z-2 f100
(entered)
g1 x165.692148 y31 z-2 f600
g1 x165.7157 y30.99963 z-2
g1 x165.731386 y30.99889 z-2
g1 x165.747043 y30.997658 z-2
g1 x165.762657 y30.995934 z-2
g1 x165.7782 y30.993722 z-2
g1 x165.793661 y30.991024 z-2
g1 x165.809046 y30.987838 z-2
g1 x165.824321 y30.984171 z-2
g1 x165.839459 y30.980029 z-2
g1 x165.854463 y30.975413 z-2
g1 x165.86933 y30.970323 z-2
g1 x165.884019 y30.964773 z-2
g1 x165.898526 y30.958764 z-2
g1 x165.912839 y30.952301 z-2
g1 x165.926933 y30.945397 z-2
g1 x165.940813 y30.938047 z-2
g1 x165.95446 y30.930263 z-2
g1 x165.967849 y30.922059 z-2
g1 x165.980969 y30.91344 z-2
g1 x165.993825 y30.904405 z-2
g1 x166.006382 y30.894977 z-2
g1 x166.018632 y30.885163 z-2
g1 x166.030576 y30.874962 z-2
g1 x166.042184 y30.864399 z-2
g1 x166.053466 y30.853466 z-2
g1 x166.064399 y30.842184 z-2
g1 x166.074962 y30.830576 z-2
g1 x166.085163 y30.818632 z-2
g1 x166.094977 y30.806382 z-2
g1 x166.104405 y30.793825 z-2
g1 x166.11344 y30.78097 z-2
g1 x166.122059 y30.767849 z-2
g1 x166.130266 y30.754456 z-2
g1 x166.138047 y30.740814 z-2
g1 x166.145395 y30.726938 z-2
g1 x166.152301 y30.712839 z-2
g1 x166.158764 y30.698526 z-2
g1 x166.164773 y30.684019 z-2
g1 x166.170323 y30.66933 z-2
g1 x166.175413 y30.654463 z-2
g1 x166.180029 y30.639459 z-2
g1 x166.184171 y30.624321 z-2
g1 x166.187838 y30.609047 z-2
g1 x166.191024 y30.593661 z-2
g1 x166.193722 y30.5782 z-2
g1 x166.195934 y30.562656 z-2
g1 x166.197658 y30.547043 z-2
g1 x166.19889 y30.531387 z-2
g1 x166.19963 y30.515701 z-2
g1 x166.199877 y30.5 z-2
g1 x166.19963 y30.484299 z-2
g1 x166.19889 y30.468613 z-2
g1 x166.197658 y30.452957 z-2
g1 x166.195934 y30.437344 z-2
g1 x166.193722 y30.4218 z-2
g1 x166.191024 y30.406339 z-2
g1 x166.187838 y30.390953 z-2
g1 x166.184171 y30.375679 z-2
g1 x166.180029 y30.360541 z-2
g1 x166.175413 y30.345537 z-2
g1 x166.170323 y30.33067 z-2
g1 x166.164773 y30.315981 z-2
g1 x166.158764 y30.301474 z-2
g1 x166.152301 y30.287161 z-2
g1 x166.145395 y30.273062 z-2
g1 x166.138047 y30.259186 z-2
g1 x166.130266 y30.245544 z-2
g1 x166.122059 y30.232151 z-2
g1 x166.11344 y30.21903 z-2
g1 x166.104405 y30.206175 z-2
g1 x166.094977 y30.193618 z-2
g1 x166.085163 y30.181368 z-2
g1 x166.074962 y30.169424 z-2
g1 x166.064399 y30.157816 z-2
g1 x166.053466 y30.146534 z-2
g1 x166.042184 y30.135601 z-2
g1 x166.030576 y30.125038 z-2
g1 x166.018632 y30.114837 z-2
g1 x166.006382 y30.105023 z-2
g1 x165.993825 y30.095595 z-2
g1 x165.980969 y30.08656 z-2
g1 x165.967849 y30.077941 z-2
g1 x165.95446 y30.069737 z-2
g1 x165.940813 y30.061953 z-2
g1 x165.926933 y30.054603 z-2
g1 x165.912839 y30.047699 z-2
g1 x165.898526 y30.041236 z-2
g1 x165.884019 y30.035227 z-2
g1 x165.86933 y30.029677 z-2
g1 x165.854463 y30.024587 z-2
g1 x165.839459 y30.019971 z-2
g1 x165.824321 y30.015829 z-2
g1 x165.809046 y30.012162 z-2
g1 x165.793661 y30.008976 z-2
g1 x165.7782 y30.006278 z-2
g1 x165.762657 y30.004066 z-2
g1 x165.747043 y30.002342 z-2
g1 x165.731386 y30.00111 z-2
g1 x165.7157 y30.00037 z-2
g1 x165.692148 y30 z-2
g1 x163.707932 y30 z-2
g1 x163.68414 y30.000377 z-2
g1 x163.668297 y30.001132 z-2
g1 x163.652486 y30.002389 z-2
g1 x163.636724 y30.004147 z-2
g1 x163.621018 y30.006405 z-2
g1 x163.605391 y30.009161 z-2
g1 x163.589873 y30.012408 z-2
g1 x163.574465 y30.016146 z-2
g1 x163.559166 y30.020376 z-2
g1 x163.544019 y30.025085 z-2
g1 x163.529033 y30.030272 z-2
g1 x163.514212 y30.035934 z-2
g1 x163.499587 y30.04206 z-2
g1 x163.485161 y30.048648 z-2
g1 x163.470945 y30.055694 z-2
g1 x163.456964 y30.063185 z-2
g1 x163.443229 y30.071115 z-2
g1 x163.429744 y30.079481 z-2
g1 x163.41654 y30.088266 z-2
g1 x163.403623 y30.097465 z-2
g1 x163.390997 y30.107074 z-2
g1 x163.378688 y30.117074 z-2
g1 x163.366703 y30.127459 z-2
g1 x163.35505 y30.138222 z-2
g1 x163.343738 y30.149356 z-2
g1 x163.332796 y30.160832 z-2
g1 x163.322221 y30.172652 z-2
g1 x163.312023 y30.184805 z-2
g1 x163.302222 y30.197268 z-2
g1 x163.292813 y30.210047 z-2
g1 x163.28382 y30.223109 z-2
g1 x163.275246 y30.236452 z-2
g1 x163.267094 y30.250066 z-2
g1 x163.259382 y30.263928 z-2
g1 x163.252115 y30.278023 z-2
g1 x163.245301 y30.292338 z-2
g1 x163.23894 y30.306875 z-2
g1 x163.233043 y30.321603 z-2
g1 x163.22762 y30.336504 z-2
g1 x163.222669 y30.351577 z-2
g1 x163.218201 y30.366794 z-2
g1 x163.214216 y30.382155 z-2
g1 x163.21072 y30.39763 z-2
g1 x163.207721 y30.413193 z-2
g1 x163.205214 y30.42886 z-2
g1 x163.203206 y30.444595 z-2
g1 x163.201698 y30.460382 z-2
g1 x163.200692 y30.476215 z-2
g1 x163.200189 y30.492067 z-2
g1 x163.200189 y30.507933 z-2
g1 x163.200692 y30.523785 z-2
g1 x163.201698 y30.539618 z-2
g1 x163.203206 y30.555405 z-2
g1 x163.205214 y30.57114 z-2
g1 x163.207721 y30.586807 z-2
g1 x163.21072 y30.60237 z-2
g1 x163.214216 y30.617845 z-2
g1 x163.218201 y30.633206 z-2
g1 x163.222669 y30.648423 z-2
g1 x163.22762 y30.663496 z-2
g1 x163.233043 y30.678397 z-2
g1 x163.23894 y30.693125 z-2
g1 x163.245301 y30.707662 z-2
g1 x163.252115 y30.721977 z-2
g1 x163.259382 y30.736072 z-2
g1 x163.267094 y30.749934 z-2
g1 x163.275246 y30.763548 z-2
g1 x163.28382 y30.776891 z-2
g1 x163.292813 y30.789953 z-2
g1 x163.302222 y30.802732 z-2
g1 x163.312023 y30.815195 z-2
g1 x163.322221 y30.827348 z-2
g1 x163.332796 y30.839168 z-2
g1 x163.343738 y30.850644 z-2
g1 x163.35505 y30.861778 z-2
g1 x163.366703 y30.872541 z-2
g1 x163.378688 y30.882926 z-2
g1 x163.390997 y30.892926 z-2
g1 x163.403623 y30.902535 z-2
g1 x163.41654 y30.911734 z-2
g1 x163.429744 y30.920519 z-2
g1 x163.443229 y30.928885 z-2
g1 x163.456964 y30.936815 z-2
g1 x163.470945 y30.944306 z-2
g1 x163.485161 y30.951352 z-2
g1 x163.499587 y30.95794 z-2
g1 x163.514212 y30.964066 z-2
g1 x163.529033 y30.969728 z-2
g1 x163.544019 y30.974915 z-2
g1 x163.559166 y30.979624 z-2
g1 x163.574465 y30.983854 z-2
g1 x163.589873 y30.987592 z-2
g1 x163.605391 y30.990839 z-2
g1 x163.621018 y30.993595 z-2
g1 x163.636724 y30.995853 z-2
g1 x163.652486 y30.997611 z-2
g1 x163.668297 y30.998868 z-2
g1 x163.68414 y30.999623 z-2
g1 x163.707932 y31 z-2
(exiting)
g0 z3
(Block-name: Body)
(Block-expand: 0)
(Block-enable: 0)
(Block-X: g0 z3)
(Block-X: g0 x246.135 y85.835)
(Block-X: g0 z0)
(Block-X: [entered])
(Block-X: g1 x244.135 y85.835 z0 f400)
(Block-X: g2 x244.135 y88.435 i0 j1.3 z0 )
(Block-X: g1 x246.135 y88.435 z0)
(Block-X: g2 x246.135 y85.835 i0 j-1.3 z0 )
(Block-X: [exiting])
(Block-X: g0 z3)
(Block-name: Body)
(Block-expand: 0)
(Block-enable: 0)
(Block-X: g0 z3)
(Block-X: g0 x197.135 y85.835)
(Block-X: g0 z0)
(Block-X: [entered])
(Block-X: g1 x195.135 y85.835 z0 f400)
(Block-X: g2 x195.135 y88.435 i0 j1.3 z0 )
(Block-X: g1 x197.135 y88.435 z0)
(Block-X: g2 x197.135 y85.835 i0 j-1.3 z0 )
(Block-X: [exiting])
(Block-X: g0 z3)
(Block-name: Body [in,conventional,cw,cut:-2])
(Block-expand: 0)
(Block-enable: 1)
(pass -1.000000)
g0 z3
g0 x197.135 y28.835
g1 z-1 f100
(entered)
g1 x195.135 y28.835 z-1 f600
g2 x195.135 y29.435 i0 j0.3 z-1 
g1 x197.135 y29.435 z-1
g2 x197.135 y28.835 i0 j-0.3 z-1 
(pass -2.000000)
g0 x197.135 y28.835
g1 z-2 f100
(entered)
g1 x195.135 y28.835 z-2 f600
g2 x195.135 y29.435 i0 j0.3 z-2 
g1 x197.135 y29.435 z-2
g2 x197.135 y28.835 i0 j-0.3 z-2 
(exiting)
g0 z3
(Block-name: Body [in,conventional,cw,cut:-2])
(Block-expand: 0)
(Block-enable: 1)
(pass -1.000000)
g0 z3
g0 x246.135 y28.835
g1 z-1 f100
(entered)
g1 x244.135 y28.835 z-1 f600
g2 x244.135 y29.435 i0 j0.3 z-1 
g1 x246.135 y29.435 z-1
g2 x246.135 y28.835 i0 j-0.3 z-1 
(pass -2.000000)
g0 x246.135 y28.835
g1 z-2 f100
(entered)
g1 x244.135 y28.835 z-2 f600
g2 x244.135 y29.435 i0 j0.3 z-2 
g1 x246.135 y29.435 z-2
g2 x246.135 y28.835 i0 j-0.3 z-2 
(exiting)
g0 z3
(Block-name: Body [in,conventional,cw,cut:-2])
(Block-expand: 0)
(Block-enable: 1)
(pass -1.000000)
g0 z3
g0 x246.135 y86.835
g1 z-1 f100
(entered)
g1 x244.135 y86.835 z-1 f600
g2 x244.135 y87.435 i0 j0.3 z-1 
g1 x246.135 y87.435 z-1
g2 x246.135 y86.835 i0 j-0.3 z-1 
(pass -2.000000)
g0 x246.135 y86.835
g1 z-2 f100
(entered)
g1 x244.135 y86.835 z-2 f600
g2 x244.135 y87.435 i0 j0.3 z-2 
g1 x246.135 y87.435 z-2
g2 x246.135 y86.835 i0 j-0.3 z-2 
(exiting)
g0 z3
(Block-name: Body [in,conventional,cw,cut:-2])
(Block-expand: 0)
(Block-enable: 1)
(pass -1.000000)
g0 z3
g0 x197.135 y86.835
g1 z-1 f100
(entered)
g1 x195.135 y86.835 z-1 f600
g2 x195.135 y87.435 i0 j0.3 z-1 
g1 x197.135 y87.435 z-1
g2 x197.135 y86.835 i0 j-0.3 z-1 
(pass -2.000000)
g0 x197.135 y86.835
g1 z-2 f100
(entered)
g1 x195.135 y86.835 z-2 f600
g2 x195.135 y87.435 i0 j0.3 z-2 
g1 x197.135 y87.435 z-2
g2 x197.135 y86.835 i0 j-0.3 z-2 
(exiting)
g0 z3
(Block-name: Pad005)
(Block-expand: 0)
(Block-enable: 0)
(Block-X: g0 z3)
(Block-X: g0 x0 y0)
(Block-X: g0 z0)
(Block-X: [entered])
(Block-X: g1 x0 y120 z0 f400)
(Block-X: g1 x70 y120 z0)
(Block-X: g1 x70 y0 z0)
(Block-X: g1 x0 y0 z0)
(Block-X: [exiting])
(Block-X: g0 z3)
(Block-name: Shape2DView001 [in,conventional,cw,cut:-2])
(Block-expand: 0)
(Block-enable: 1)
(pass -1.000000)
g0 z3
g0 x168.729984 y42.480125
g1 z-1 f100
(entered)
g1 x168.658964 y42.481246 z-1 f600
g1 x168.588009 y42.48461 z-1
g1 x168.517193 y42.490211 z-1
g1 x168.446597 y42.498045 z-1
g1 x168.376279 y42.508105 z-1
g1 x168.306313 y42.520378 z-1
g1 x168.236766 y42.534856 z-1
g1 x168.167716 y42.55152 z-1
g1 x168.099227 y42.570356 z-1
g1 x168.031358 y42.591347 z-1
g1 x167.964194 y42.614466 z-1
g1 x167.897795 y42.639695 z-1
g1 x167.83222 y42.667009 z-1
g1 x167.767541 y42.696379 z-1
g1 x167.703826 y42.727775 z-1
g1 x167.641131 y42.761167 z-1
g1 x167.579516 y42.796526 z-1
g1 x167.519052 y42.833808 z-1
g1 x167.4598 y42.872978 z-1
g1 x167.401808 y42.914003 z-1
g1 x167.345142 y42.956837 z-1
g1 x167.289854 y43.001441 z-1
g1 x167.236005 y43.047764 z-1
g1 x167.183643 y43.095767 z-1
g1 x167.132822 y43.145398 z-1
g1 x167.083597 y43.196606 z-1
g1 x167.03601 y43.249345 z-1
g1 x166.990114 y43.303559 z-1
g1 x166.945948 y43.359198 z-1
g1 x166.903563 y43.416201 z-1
g1 x166.863 y43.474512 z-1
g1 x166.824296 y43.534078 z-1
g1 x166.787493 y43.594832 z-1
g1 x166.752625 y43.656721 z-1
g1 x166.719728 y43.719681 z-1
g1 x166.688836 y43.783644 z-1
g1 x166.659979 y43.848549 z-1
g1 x166.633185 y43.914337 z-1
g1 x166.60848 y43.98094 z-1
g1 x166.585891 y44.048286 z-1
g1 x166.565439 y44.11631 z-1
g1 x166.547145 y44.184948 z-1
g1 x166.531026 y44.254132 z-1
g1 x166.517099 y44.323786 z-1
g1 x166.505379 y44.393846 z-1
g1 x166.495876 y44.464242 z-1
g1 x166.488599 y44.534905 z-1
g1 x166.483558 y44.605756 z-1
g1 x166.480755 y44.676737 z-1
g1 x166.480195 y44.74777 z-1
g1 x166.481877 y44.818778 z-1
g1 x166.485801 y44.889707 z-1
g1 x166.49196 y44.960474 z-1
g1 x166.500352 y45.031011 z-1
g1 x166.510966 y45.101252 z-1
g1 x166.523791 y45.171115 z-1
g1 x166.538816 y45.24054 z-1
g1 x166.556024 y45.309457 z-1
g1 x166.575401 y45.377796 z-1
g1 x166.596926 y45.445495 z-1
g1 x166.620576 y45.512476 z-1
g1 x166.646329 y45.578677 z-1
g1 x166.67416 y45.644034 z-1
g1 x166.704038 y45.708478 z-1
g1 x166.735935 y45.771943 z-1
g1 x166.769824 y45.834377 z-1
g1 x166.805664 y45.895707 z-1
g1 x166.843422 y45.955872 z-1
g1 x166.883062 y46.014819 z-1
g1 x166.924543 y46.072485 z-1
g1 x166.967822 y46.128809 z-1
g1 x167.012857 y46.18374 z-1
g1 x167.059609 y46.237226 z-1
g1 x167.108023 y46.289208 z-1
g1 x167.15805 y46.339632 z-1
g1 x167.209646 y46.388452 z-1
g1 x167.262762 y46.435623 z-1
g1 x167.317338 y46.481093 z-1
g1 x167.373317 y46.524812 z-1
g1 x167.430655 y46.566747 z-1
g1 x167.489288 y46.606852 z-1
g1 x167.549152 y46.645082 z-1
g1 x167.610198 y46.681405 z-1
g1 x167.672361 y46.715784 z-1
g1 x167.735576 y46.748182 z-1
g1 x167.799783 y46.778569 z-1
g1 x167.864916 y46.806913 z-1
g1 x167.930911 y46.833187 z-1
g1 x167.997703 y46.857364 z-1
g1 x168.065231 y46.879423 z-1
g1 x168.133416 y46.899338 z-1
g1 x168.202191 y46.917089 z-1
g1 x168.271496 y46.93266 z-1
g1 x168.341263 y46.946037 z-1
g1 x168.411418 y46.957206 z-1
g1 x168.481882 y46.966152 z-1
g1 x168.552595 y46.97287 z-1
g1 x168.62349 y46.977353 z-1
g1 x168.69449 y46.979595 z-1
g1 x168.765522 y46.979595 z-1
g1 x168.836522 y46.977352 z-1
g1 x168.907418 y46.972869 z-1
g1 x168.978131 y46.966151 z-1
g1 x169.048594 y46.957204 z-1
g1 x169.118744 y46.946036 z-1
g1 x169.188515 y46.932658 z-1
g1 x169.257821 y46.917086 z-1
g1 x169.326597 y46.899335 z-1
g1 x169.394784 y46.879419 z-1
g1 x169.462309 y46.857361 z-1
g1 x169.529096 y46.833185 z-1
g1 x169.595091 y46.80691 z-1
g1 x169.660231 y46.778562 z-1
g1 x169.724437 y46.748176 z-1
g1 x169.78765 y46.715778 z-1
g1 x169.849813 y46.681399 z-1
g1 x169.910856 y46.645077 z-1
g1 x169.970721 y46.606846 z-1
g1 x170.029354 y46.566741 z-1
g1 x170.086691 y46.524806 z-1
g1 x170.142673 y46.481084 z-1
g1 x170.197246 y46.435616 z-1
g1 x170.250361 y46.388445 z-1
g1 x170.301959 y46.339622 z-1
g1 x170.351987 y46.289198 z-1
g1 x170.400403 y46.237213 z-1
g1 x170.44715 y46.183732 z-1
g1 x170.492183 y46.128803 z-1
g1 x170.535465 y46.072474 z-1
g1 x170.576946 y46.014807 z-1
g1 x170.616584 y45.955863 z-1
g1 x170.654343 y45.895695 z-1
g1 x170.690182 y45.834366 z-1
g1 x170.724067 y45.771937 z-1
g1 x170.755966 y45.708467 z-1
g1 x170.785847 y45.644019 z-1
g1 x170.813677 y45.578665 z-1
g1 x170.839428 y45.512465 z-1
g1 x170.863078 y45.445484 z-1
g1 x170.884601 y45.37779 z-1
g1 x170.903978 y45.309445 z-1
g1 x170.921187 y45.240528 z-1
g1 x170.93621 y45.171107 z-1
g1 x170.949036 y45.101235 z-1
g1 x170.959651 y45.030994 z-1
g1 x170.968041 y44.960462 z-1
g1 x170.974201 y44.8897 z-1
g1 x170.978123 y44.818771 z-1
g1 x170.979805 y44.747753 z-1
g1 x170.979245 y44.676725 z-1
g1 x170.976442 y44.605748 z-1
g1 x170.971399 y44.534893 z-1
g1 x170.964123 y44.46423 z-1
g1 x170.954619 y44.393833 z-1
g1 x170.942898 y44.323774 z-1
g1 x170.928971 y44.25412 z-1
g1 x170.912852 y44.184936 z-1
g1 x170.894558 y44.116299 z-1
g1 x170.874106 y44.048276 z-1
g1 x170.851516 y43.980928 z-1
g1 x170.82681 y43.914325 z-1
g1 x170.800016 y43.848538 z-1
g1 x170.77116 y43.783634 z-1
g1 x170.740267 y43.719671 z-1
g1 x170.707369 y43.65671 z-1
g1 x170.6725 y43.594821 z-1
g1 x170.635699 y43.534068 z-1
g1 x170.596994 y43.474504 z-1
g1 x170.556428 y43.416189 z-1
g1 x170.514046 y43.35919 z-1
g1 x170.469882 y43.303554 z-1
g1 x170.42398 y43.249335 z-1
g1 x170.376391 y43.196594 z-1
g1 x170.327168 y43.145388 z-1
g1 x170.27635 y43.095759 z-1
g1 x170.223987 y43.047757 z-1
g1 x170.170136 y43.001432 z-1
g1 x170.114847 y42.956828 z-1
g1 x170.058184 y42.913997 z-1
g1 x170.000195 y42.872975 z-1
g1 x169.940935 y42.8338 z-1
g1 x169.880473 y42.796519 z-1
g1 x169.81886 y42.761162 z-1
g1 x169.756162 y42.727769 z-1
g1 x169.692447 y42.696374 z-1
g1 x169.62777 y42.667005 z-1
g1 x169.562197 y42.639692 z-1
g1 x169.49579 y42.614461 z-1
g1 x169.428626 y42.591341 z-1
g1 x169.360767 y42.570354 z-1
g1 x169.292273 y42.551517 z-1
g1 x169.223221 y42.534853 z-1
g1 x169.153675 y42.520376 z-1
g1 x169.083709 y42.508102 z-1
g1 x169.013395 y42.498044 z-1
g1 x168.942794 y42.490211 z-1
g1 x168.871979 y42.484609 z-1
g1 x168.801025 y42.481246 z-1
g1 x168.729984 y42.480125 z-1
(pass -2.000000)
g0 x168.729984 y42.480125
g1 z-2 f100
(entered)
g1 x168.658964 y42.481246 z-2 f600
g1 x168.588009 y42.48461 z-2
g1 x168.517193 y42.490211 z-2
g1 x168.446597 y42.498045 z-2
g1 x168.376279 y42.508105 z-2
g1 x168.306313 y42.520378 z-2
g1 x168.236766 y42.534856 z-2
g1 x168.167716 y42.55152 z-2
g1 x168.099227 y42.570356 z-2
g1 x168.031358 y42.591347 z-2
g1 x167.964194 y42.614466 z-2
g1 x167.897795 y42.639695 z-2
g1 x167.83222 y42.667009 z-2
g1 x167.767541 y42.696379 z-2
g1 x167.703826 y42.727775 z-2
g1 x167.641131 y42.761167 z-2
g1 x167.579516 y42.796526 z-2
g1 x167.519052 y42.833808 z-2
g1 x167.4598 y42.872978 z-2
g1 x167.401808 y42.914003 z-2
g1 x167.345142 y42.956837 z-2
g1 x167.289854 y43.001441 z-2
g1 x167.236005 y43.047764 z-2
g1 x167.183643 y43.095767 z-2
g1 x167.132822 y43.145398 z-2
g1 x167.083597 y43.196606 z-2
g1 x167.03601 y43.249345 z-2
g1 x166.990114 y43.303559 z-2
g1 x166.945948 y43.359198 z-2
g1 x166.903563 y43.416201 z-2
g1 x166.863 y43.474512 z-2
g1 x166.824296 y43.534078 z-2
g1 x166.787493 y43.594832 z-2
g1 x166.752625 y43.656721 z-2
g1 x166.719728 y43.719681 z-2
g1 x166.688836 y43.783644 z-2
g1 x166.659979 y43.848549 z-2
g1 x166.633185 y43.914337 z-2
g1 x166.60848 y43.98094 z-2
g1 x166.585891 y44.048286 z-2
g1 x166.565439 y44.11631 z-2
g1 x166.547145 y44.184948 z-2
g1 x166.531026 y44.254132 z-2
g1 x166.517099 y44.323786 z-2
g1 x166.505379 y44.393846 z-2
g1 x166.495876 y44.464242 z-2
g1 x166.488599 y44.534905 z-2
g1 x166.483558 y44.605756 z-2
g1 x166.480755 y44.676737 z-2
g1 x166.480195 y44.74777 z-2
g1 x166.481877 y44.818778 z-2
g1 x166.485801 y44.889707 z-2
g1 x166.49196 y44.960474 z-2
g1 x166.500352 y45.031011 z-2
g1 x166.510966 y45.101252 z-2
g1 x166.523791 y45.171115 z-2
g1 x166.538816 y45.24054 z-2
g1 x166.556024 y45.309457 z-2
g1 x166.575401 y45.377796 z-2
g1 x166.596926 y45.445495 z-2
g1 x166.620576 y45.512476 z-2
g1 x166.646329 y45.578677 z-2
g1 x166.67416 y45.644034 z-2
g1 x166.704038 y45.708478 z-2
g1 x166.735935 y45.771943 z-2
g1 x166.769824 y45.834377 z-2
g1 x166.805664 y45.895707 z-2
g1 x166.843422 y45.955872 z-2
g1 x166.883062 y46.014819 z-2
g1 x166.924543 y46.072485 z-2
g1 x166.967822 y46.128809 z-2
g1 x167.012857 y46.18374 z-2
g1 x167.059609 y46.237226 z-2
g1 x167.108023 y46.289208 z-2
g1 x167.15805 y46.339632 z-2
g1 x167.209646 y46.388452 z-2
g1 x167.262762 y46.435623 z-2
g1 x167.317338 y46.481093 z-2
g1 x167.373317 y46.524812 z-2
g1 x167.430655 y46.566747 z-2
g1 x167.489288 y46.606852 z-2
g1 x167.549152 y46.645082 z-2
g1 x167.610198 y46.681405 z-2
g1 x167.672361 y46.715784 z-2
g1 x167.735576 y46.748182 z-2
g1 x167.799783 y46.778569 z-2
g1 x167.864916 y46.806913 z-2
g1 x167.930911 y46.833187 z-2
g1 x167.997703 y46.857364 z-2
g1 x168.065231 y46.879423 z-2
g1 x168.133416 y46.899338 z-2
g1 x168.202191 y46.917089 z-2
g1 x168.271496 y46.93266 z-2
g1 x168.341263 y46.946037 z-2
g1 x168.411418 y46.957206 z-2
g1 x168.481882 y46.966152 z-2
g1 x168.552595 y46.97287 z-2
g1 x168.62349 y46.977353 z-2
g1 x168.69449 y46.979595 z-2
g1 x168.765522 y46.979595 z-2
g1 x168.836522 y46.977352 z-2
g1 x168.907418 y46.972869 z-2
g1 x168.978131 y46.966151 z-2
g1 x169.048594 y46.957204 z-2
g1 x169.118744 y46.946036 z-2
g1 x169.188515 y46.932658 z-2
g1 x169.257821 y46.917086 z-2
g1 x169.326597 y46.899335 z-2
g1 x169.394784 y46.879419 z-2
g1 x169.462309 y46.857361 z-2
g1 x169.529096 y46.833185 z-2
g1 x169.595091 y46.80691 z-2
g1 x169.660231 y46.778562 z-2
g1 x169.724437 y46.748176 z-2
g1 x169.78765 y46.715778 z-2
g1 x169.849813 y46.681399 z-2
g1 x169.910856 y46.645077 z-2
g1 x169.970721 y46.606846 z-2
g1 x170.029354 y46.566741 z-2
g1 x170.086691 y46.524806 z-2
g1 x170.142673 y46.481084 z-2
g1 x170.197246 y46.435616 z-2
g1 x170.250361 y46.388445 z-2
g1 x170.301959 y46.339622 z-2
g1 x170.351987 y46.289198 z-2
g1 x170.400403 y46.237213 z-2
g1 x170.44715 y46.183732 z-2
g1 x170.492183 y46.128803 z-2
g1 x170.535465 y46.072474 z-2
g1 x170.576946 y46.014807 z-2
g1 x170.616584 y45.955863 z-2
g1 x170.654343 y45.895695 z-2
g1 x170.690182 y45.834366 z-2
g1 x170.724067 y45.771937 z-2
g1 x170.755966 y45.708467 z-2
g1 x170.785847 y45.644019 z-2
g1 x170.813677 y45.578665 z-2
g1 x170.839428 y45.512465 z-2
g1 x170.863078 y45.445484 z-2
g1 x170.884601 y45.37779 z-2
g1 x170.903978 y45.309445 z-2
g1 x170.921187 y45.240528 z-2
g1 x170.93621 y45.171107 z-2
g1 x170.949036 y45.101235 z-2
g1 x170.959651 y45.030994 z-2
g1 x170.968041 y44.960462 z-2
g1 x170.974201 y44.8897 z-2
g1 x170.978123 y44.818771 z-2
g1 x170.979805 y44.747753 z-2
g1 x170.979245 y44.676725 z-2
g1 x170.976442 y44.605748 z-2
g1 x170.971399 y44.534893 z-2
g1 x170.964123 y44.46423 z-2
g1 x170.954619 y44.393833 z-2
g1 x170.942898 y44.323774 z-2
g1 x170.928971 y44.25412 z-2
g1 x170.912852 y44.184936 z-2
g1 x170.894558 y44.116299 z-2
g1 x170.874106 y44.048276 z-2
g1 x170.851516 y43.980928 z-2
g1 x170.82681 y43.914325 z-2
g1 x170.800016 y43.848538 z-2
g1 x170.77116 y43.783634 z-2
g1 x170.740267 y43.719671 z-2
g1 x170.707369 y43.65671 z-2
g1 x170.6725 y43.594821 z-2
g1 x170.635699 y43.534068 z-2
g1 x170.596994 y43.474504 z-2
g1 x170.556428 y43.416189 z-2
g1 x170.514046 y43.35919 z-2
g1 x170.469882 y43.303554 z-2
g1 x170.42398 y43.249335 z-2
g1 x170.376391 y43.196594 z-2
g1 x170.327168 y43.145388 z-2
g1 x170.27635 y43.095759 z-2
g1 x170.223987 y43.047757 z-2
g1 x170.170136 y43.001432 z-2
g1 x170.114847 y42.956828 z-2
g1 x170.058184 y42.913997 z-2
g1 x170.000195 y42.872975 z-2
g1 x169.940935 y42.8338 z-2
g1 x169.880473 y42.796519 z-2
g1 x169.81886 y42.761162 z-2
g1 x169.756162 y42.727769 z-2
g1 x169.692447 y42.696374 z-2
g1 x169.62777 y42.667005 z-2
g1 x169.562197 y42.639692 z-2
g1 x169.49579 y42.614461 z-2
g1 x169.428626 y42.591341 z-2
g1 x169.360767 y42.570354 z-2
g1 x169.292273 y42.551517 z-2
g1 x169.223221 y42.534853 z-2
g1 x169.153675 y42.520376 z-2
g1 x169.083709 y42.508102 z-2
g1 x169.013395 y42.498044 z-2
g1 x168.942794 y42.490211 z-2
g1 x168.871979 y42.484609 z-2
g1 x168.801025 y42.481246 z-2
g1 x168.729984 y42.480125 z-2
(exiting)
g0 z3
(Block-name: Shape2DView001)
(Block-expand: 0)
(Block-enable: 0)
(Block-X: g0 z3)
(Block-X: g0 x72 y65.27)
(Block-X: g0 z0)
(Block-X: [entered])
(Block-X: g1 x72 y120 z0 f400)
(Block-X: g1 x188.73 y120 z0)
(Block-X: g1 x188.73 y65.27 z0)
(Block-X: g1 x72 y65.27 z0)
(Block-X: [exiting])
(Block-X: g0 z3)
(Block-name: Shape2DView001 [out,conventional,ccw,cut:-2])
(Block-expand: 0)
(Block-enable: 1)
(pass -1.000000)
g0 z3
g0 x72 y55.73
g1 z-1 f100
(entered)
g3 x71 y54.73 i0 j-1 z-1  f600
g1 x71 y0 z-1
g3 x72 y-1 i1 j0 z-1 
g1 x188.73 y-1 z-1
g3 x189.73 y0 i0 j1 z-1 
g1 x189.73 y54.73 z-1
g3 x188.73 y55.73 i-1 j0 z-1 
g1 x72 y55.73 z-1
(pass -2.000000)
g0 x72 y55.73
g1 z-2 f100
(entered)
g3 x71 y54.73 i0 j-1 z-2  f600
g1 x71 y0 z-2
g3 x72 y-1 i1 j0 z-2 
g1 x188.73 y-1 z-2
g3 x189.73 y0 i0 j1 z-2 
g1 x189.73 y54.73 z-2
g3 x188.73 y55.73 i-1 j0 z-2 
g1 x72 y55.73 z-2
(exiting)
g0 z3
(Block-name: Body [out,conventional,ccw,cut:-2])
(Block-expand: 0)
(Block-enable: 1)
(pass -1.000000)
g0 z3
g0 x262 y120
g1 z-1 f100
(entered)
g3 x261 y121 i-1 j0 z-1  f600
g1 x191 y121 z-1
g3 x190 y120 i0 j-1 z-1 
g1 x190 y0 z-1
g3 x191 y-1 i1 j0 z-1 
g1 x261 y-1 z-1
g3 x262 y-0 i0 j1 z-1 
g1 x262 y120 z-1
(pass -2.000000)
g0 x262 y120
g1 z-2 f100
(entered)
g3 x261 y121 i-1 j0 z-2  f600
g1 x191 y121 z-2
g3 x190 y120 i0 j-1 z-2 
g1 x190 y0 z-2
g3 x191 y-1 i1 j0 z-2 
g1 x261 y-1 z-2
g3 x262 y-0 i0 j1 z-2 
g1 x262 y120 z-2
(exiting)
g0 z3
(Block-name: Shape2DView001 [out,conventional,ccw,cut:-2])
(Block-expand: 0)
(Block-enable: 1)
(pass -1.000000)
g0 z3
g0 x71 y65.27
g1 z-1 f100
(entered)
g3 x72 y64.27 i1 j0 z-1  f600
g1 x188.73 y64.27 z-1
g3 x189.73 y65.27 i0 j1 z-1 
g1 x189.73 y120 z-1
g3 x188.73 y121 i-1 j0 z-1 
g1 x72 y121 z-1
g3 x71 y120 i0 j-1 z-1 
g1 x71 y65.27 z-1
(pass -2.000000)
g0 x71 y65.27
g1 z-2 f100
(entered)
g3 x72 y64.27 i1 j0 z-2  f600
g1 x188.73 y64.27 z-2
g3 x189.73 y65.27 i0 j1 z-2 
g1 x189.73 y120 z-2
g3 x188.73 y121 i-1 j0 z-2 
g1 x72 y121 z-2
g3 x71 y120 i0 j-1 z-2 
g1 x71 y65.27 z-2
(exiting)
g0 z3
(Block-name: Pad005 [out,conventional,ccw,cut:-2])
(Block-expand: 0)
(Block-enable: 1)
(pass -1.000000)
g0 z3
g0 x-1 y0
g1 z-1 f100
(entered)
g3 x0 y-1 i1 j0 z-1  f600
g1 x70 y-1 z-1
g3 x71 y0 i0 j1 z-1 
g1 x71 y120 z-1
g3 x70 y121 i-1 j0 z-1 
g1 x0 y121 z-1
g3 x-1 y120 i0 j-1 z-1 
g1 x-1 y0 z-1
(pass -2.000000)
g0 x-1 y0
g1 z-2 f100
(entered)
g3 x0 y-1 i1 j0 z-2  f600
g1 x70 y-1 z-2
g3 x71 y0 i0 j1 z-2 
g1 x71 y120 z-2
g3 x70 y121 i-1 j0 z-2 
g1 x0 y121 z-2
g3 x-1 y120 i0 j-1 z-2 
g1 x-1 y0 z-2
(exiting)
g0 z3
(Block-name: Shape2DView001)
(Block-expand: 0)
(Block-enable: 0)
(Block-X: g0 z3)
(Block-X: g0 x72 y54.73)
(Block-X: g0 z0)
(Block-X: [entered])
(Block-X: g1 x188.73 y54.73 z0 f400)
(Block-X: g1 x188.73 y-0 z0)
(Block-X: g1 x72 y0 z0)
(Block-X: g1 x72 y54.73 z0)
(Block-X: [exiting])
(Block-X: g0 z3)
(Block-name: Shape2DView001)
(Block-expand: 0)
(Block-enable: 0)
(Block-X: g0 z3)
(Block-X: g0 x105 y16)
(Block-X: g0 z0)
(Block-X: [entered])
(Block-X: g1 x105.000493 y16.031411 z0 f400)
(Block-X: g1 x105.001973 y16.06279 z0)
(Block-X: g1 x105.004438 y16.094108 z0)
(Block-X: g1 x105.007885 y16.125333 z0)
(Block-X: g1 x105.012312 y16.156434 z0)
(Block-X: g1 x105.017713 y16.187381 z0)
(Block-X: g1 x105.024083 y16.218143 z0)
(Block-X: g1 x105.031417 y16.24869 z0)
(Block-X: g1 x105.039706 y16.278991 z0)
(Block-X: g1 x105.048943 y16.309017 z0)
(Block-X: g1 x105.059119 y16.338738 z0)
(Block-X: g1 x105.070223 y16.368125 z0)
(Block-X: g1 x105.082245 y16.397148 z0)
(Block-X: g1 x105.095173 y16.425779 z0)
(Block-X: g1 x105.108993 y16.45399 z0)
(Block-X: g1 x105.123693 y16.481754 z0)
(Block-X: g1 x105.139258 y16.509041 z0)
(Block-X: g1 x105.155672 y16.535827 z0)
(Block-X: g1 x105.172919 y16.562083 z0)
(Block-X: g1 x105.190983 y16.587785 z0)
(Block-X: g1 x105.209845 y16.612907 z0)
(Block-X: g1 x105.229487 y16.637424 z0)
(Block-X: g1 x105.249889 y16.661312 z0)
(Block-X: g1 x105.271031 y16.684547 z0)
(Block-X: g1 x105.292893 y16.707107 z0)
(Block-X: g1 x105.315453 y16.728969 z0)
(Block-X: g1 x105.338688 y16.750111 z0)
(Block-X: g1 x105.362576 y16.770513 z0)
(Block-X: g1 x105.387093 y16.790155 z0)
(Block-X: g1 x105.412215 y16.809017 z0)
(Block-X: g1 x105.437917 y16.827081 z0)
(Block-X: g1 x105.464173 y16.844328 z0)
(Block-X: g1 x105.490959 y16.860742 z0)
(Block-X: g1 x105.518246 y16.876307 z0)
(Block-X: g1 x105.546009 y16.891006 z0)
(Block-X: g1 x105.574221 y16.904827 z0)
(Block-X: g1 x105.602852 y16.917755 z0)
(Block-X: g1 x105.631875 y16.929776 z0)
(Block-X: g1 x105.661262 y16.940881 z0)
(Block-X: g1 x105.690983 y16.951056 z0)
(Block-X: g1 x105.721009 y16.960294 z0)
(Block-X: g1 x105.75131 y16.968583 z0)
(Block-X: g1 x105.781857 y16.975917 z0)
(Block-X: g1 x105.812619 y16.982287 z0)
(Block-X: g1 x105.843565 y16.987688 z0)
(Block-X: g1 x105.874667 y16.992115 z0)
(Block-X: g1 x105.905892 y16.995562 z0)
(Block-X: g1 x105.937209 y16.998027 z0)
(Block-X: g1 x105.968589 y16.999507 z0)
(Block-X: g1 x106 y17 z0)
(Block-X: g1 x144 y17 z0)
(Block-X: g1 x144.031411 y16.999507 z0)
(Block-X: g1 x144.062791 y16.998027 z0)
(Block-X: g1 x144.094108 y16.995562 z0)
(Block-X: g1 x144.125333 y16.992115 z0)
(Block-X: g1 x144.156434 y16.987688 z0)
(Block-X: g1 x144.187381 y16.982287 z0)
(Block-X: g1 x144.218143 y16.975917 z0)
(Block-X: g1 x144.24869 y16.968583 z0)
(Block-X: g1 x144.278991 y16.960294 z0)
(Block-X: g1 x144.309017 y16.951056 z0)
(Block-X: g1 x144.338738 y16.940881 z0)
(Block-X: g1 x144.368125 y16.929776 z0)
(Block-X: g1 x144.397148 y16.917755 z0)
(Block-X: g1 x144.425779 y16.904827 z0)
(Block-X: g1 x144.453991 y16.891006 z0)
(Block-X: g1 x144.481754 y16.876307 z0)
(Block-X: g1 x144.509041 y16.860742 z0)
(Block-X: g1 x144.535827 y16.844328 z0)
(Block-X: g1 x144.562083 y16.827081 z0)
(Block-X: g1 x144.587785 y16.809017 z0)
(Block-X: g1 x144.612907 y16.790155 z0)
(Block-X: g1 x144.637424 y16.770513 z0)
(Block-X: g1 x144.661312 y16.750111 z0)
(Block-X: g1 x144.684547 y16.728969 z0)
(Block-X: g1 x144.707107 y16.707107 z0)
(Block-X: g1 x144.728969 y16.684547 z0)
(Block-X: g1 x144.750111 y16.661312 z0)
(Block-X: g1 x144.770513 y16.637424 z0)
(Block-X: g1 x144.790155 y16.612907 z0)
(Block-X: g1 x144.809017 y16.587785 z0)
(Block-X: g1 x144.827081 y16.562083 z0)
(Block-X: g1 x144.844328 y16.535827 z0)
(Block-X: g1 x144.860742 y16.509041 z0)
(Block-X: g1 x144.876307 y16.481754 z0)
(Block-X: g1 x144.891007 y16.45399 z0)
(Block-X: g1 x144.904827 y16.425779 z0)
(Block-X: g1 x144.917755 y16.397148 z0)
(Block-X: g1 x144.929777 y16.368125 z0)
(Block-X: g1 x144.940881 y16.338738 z0)
(Block-X: g1 x144.951056 y16.309017 z0)
(Block-X: g1 x144.960294 y16.278991 z0)
(Block-X: g1 x144.968583 y16.24869 z0)
(Block-X: g1 x144.975917 y16.218143 z0)
(Block-X: g1 x144.982287 y16.187381 z0)
(Block-X: g1 x144.987688 y16.156434 z0)
(Block-X: g1 x144.992115 y16.125333 z0)
(Block-X: g1 x144.995562 y16.094108 z0)
(Block-X: g1 x144.998027 y16.06279 z0)
(Block-X: g1 x144.999507 y16.031411 z0)
(Block-X: g1 x145 y16 z0)
(Block-X: g1 x145 y10 z0)
(Block-X: g1 x144.999507 y9.968589 z0)
(Block-X: g1 x144.998027 y9.937209 z0)
(Block-X: g1 x144.995562 y9.905892 z0)
(Block-X: g1 x144.992115 y9.874667 z0)
(Block-X: g1 x144.987688 y9.843566 z0)
(Block-X: g1 x144.982287 y9.812619 z0)
(Block-X: g1 x144.975917 y9.781857 z0)
(Block-X: g1 x144.968583 y9.75131 z0)
(Block-X: g1 x144.960294 y9.721009 z0)
(Block-X: g1 x144.951056 y9.690983 z0)
(Block-X: g1 x144.940881 y9.661262 z0)
(Block-X: g1 x144.929777 y9.631875 z0)
(Block-X: g1 x144.917755 y9.602852 z0)
(Block-X: g1 x144.904827 y9.574221 z0)
(Block-X: g1 x144.891007 y9.54601 z0)
(Block-X: g1 x144.876307 y9.518246 z0)
(Block-X: g1 x144.860742 y9.490959 z0)
(Block-X: g1 x144.844328 y9.464173 z0)
(Block-X: g1 x144.827081 y9.437917 z0)
(Block-X: g1 x144.809017 y9.412215 z0)
(Block-X: g1 x144.790155 y9.387093 z0)
(Block-X: g1 x144.770513 y9.362576 z0)
(Block-X: g1 x144.750111 y9.338688 z0)
(Block-X: g1 x144.728969 y9.315453 z0)
(Block-X: g1 x144.707107 y9.292893 z0)
(Block-X: g1 x144.684547 y9.271031 z0)
(Block-X: g1 x144.661312 y9.249889 z0)
(Block-X: g1 x144.637424 y9.229487 z0)
(Block-X: g1 x144.612907 y9.209845 z0)
(Block-X: g1 x144.587785 y9.190983 z0)
(Block-X: g1 x144.562083 y9.172919 z0)
(Block-X: g1 x144.535827 y9.155672 z0)
(Block-X: g1 x144.509041 y9.139258 z0)
(Block-X: g1 x144.481754 y9.123693 z0)
(Block-X: g1 x144.453991 y9.108994 z0)
(Block-X: g1 x144.425779 y9.095173 z0)
(Block-X: g1 x144.397148 y9.082245 z0)
(Block-X: g1 x144.368125 y9.070224 z0)
(Block-X: g1 x144.338738 y9.059119 z0)
(Block-X: g1 x144.309017 y9.048944 z0)
(Block-X: g1 x144.278991 y9.039706 z0)
(Block-X: g1 x144.24869 y9.031417 z0)
(Block-X: g1 x144.218143 y9.024083 z0)
(Block-X: g1 x144.187381 y9.017713 z0)
(Block-X: g1 x144.156434 y9.012312 z0)
(Block-X: g1 x144.125333 y9.007885 z0)
(Block-X: g1 x144.094108 y9.004438 z0)
(Block-X: g1 x144.062791 y9.001973 z0)
(Block-X: g1 x144.031411 y9.000493 z0)
(Block-X: g1 x144 y9 z0)
(Block-X: g1 x106 y9 z0)
(Block-X: g1 x105.967948 y9.000514 z0)
(Block-X: g1 x105.93593 y9.002055 z0)
(Block-X: g1 x105.903977 y9.004621 z0)
(Block-X: g1 x105.872123 y9.00821 z0)
(Block-X: g1 x105.8404 y9.012818 z0)
(Block-X: g1 x105.808841 y9.018441 z0)
(Block-X: g1 x105.777479 y9.025072 z0)
(Block-X: g1 x105.746345 y9.032705 z0)
(Block-X: g1 x105.715472 y9.041332 z0)
(Block-X: g1 x105.684892 y9.050944 z0)
(Block-X: g1 x105.654635 y9.061532 z0)
(Block-X: g1 x105.624733 y9.073083 z0)
(Block-X: g1 x105.595217 y9.085587 z0)
(Block-X: g1 x105.566116 y9.099031 z0)
(Block-X: g1 x105.537462 y9.113401 z0)
(Block-X: g1 x105.509282 y9.128681 z0)
(Block-X: g1 x105.481607 y9.144857 z0)
(Block-X: g1 x105.454465 y9.161912 z0)
(Block-X: g1 x105.427883 y9.179828 z0)
(Block-X: g1 x105.401889 y9.198586 z0)
(Block-X: g1 x105.37651 y9.218169 z0)
(Block-X: g1 x105.351772 y9.238554 z0)
(Block-X: g1 x105.327699 y9.259722 z0)
(Block-X: g1 x105.304317 y9.281651 z0)
(Block-X: g1 x105.281651 y9.304317 z0)
(Block-X: g1 x105.259722 y9.327699 z0)
(Block-X: g1 x105.238554 y9.351772 z0)
(Block-X: g1 x105.218169 y9.37651 z0)
(Block-X: g1 x105.198586 y9.401889 z0)
(Block-X: g1 x105.179828 y9.427883 z0)
(Block-X: g1 x105.161912 y9.454465 z0)
(Block-X: g1 x105.144857 y9.481607 z0)
(Block-X: g1 x105.128681 y9.509282 z0)
(Block-X: g1 x105.113401 y9.537462 z0)
(Block-X: g1 x105.099031 y9.566116 z0)
(Block-X: g1 x105.085587 y9.595217 z0)
(Block-X: g1 x105.073083 y9.624733 z0)
(Block-X: g1 x105.061532 y9.654635 z0)
(Block-X: g1 x105.050944 y9.684892 z0)
(Block-X: g1 x105.041332 y9.715472 z0)
(Block-X: g1 x105.032705 y9.746345 z0)
(Block-X: g1 x105.025072 y9.777479 z0)
(Block-X: g1 x105.018441 y9.808841 z0)
(Block-X: g1 x105.012818 y9.8404 z0)
(Block-X: g1 x105.00821 y9.872123 z0)
(Block-X: g1 x105.004621 y9.903977 z0)
(Block-X: g1 x105.002055 y9.93593 z0)
(Block-X: g1 x105.000514 y9.967948 z0)
(Block-X: g1 x105 y10 z0)
(Block-X: g1 x105 y16 z0)
(Block-X: [exiting])
(Block-X: g0 z3)
(Block-name: Shape2DView001)
(Block-expand: 0)
(Block-enable: 0)
(Block-X: g0 z3)
(Block-X: g0 x106.71 y35.57)
(Block-X: g0 z0)
(Block-X: [entered])
(Block-X: g1 x106.710493 y35.601411 z0 f400)
(Block-X: g1 x106.711973 y35.63279 z0)
(Block-X: g1 x106.714438 y35.664108 z0)
(Block-X: g1 x106.717885 y35.695333 z0)
(Block-X: g1 x106.722312 y35.726435 z0)
(Block-X: g1 x106.727713 y35.757381 z0)
(Block-X: g1 x106.734083 y35.788143 z0)
(Block-X: g1 x106.741417 y35.81869 z0)
(Block-X: g1 x106.749706 y35.848991 z0)
(Block-X: g1 x106.758944 y35.879017 z0)
(Block-X: g1 x106.769119 y35.908738 z0)
(Block-X: g1 x106.780224 y35.938125 z0)
(Block-X: g1 x106.792245 y35.967148 z0)
(Block-X: g1 x106.805173 y35.995779 z0)
(Block-X: g1 x106.818994 y36.02399 z0)
(Block-X: g1 x106.833693 y36.051754 z0)
(Block-X: g1 x106.849258 y36.079041 z0)
(Block-X: g1 x106.865672 y36.105827 z0)
(Block-X: g1 x106.882919 y36.132083 z0)
(Block-X: g1 x106.900983 y36.157785 z0)
(Block-X: g1 x106.919845 y36.182907 z0)
(Block-X: g1 x106.939487 y36.207424 z0)
(Block-X: g1 x106.959889 y36.231312 z0)
(Block-X: g1 x106.981031 y36.254547 z0)
(Block-X: g1 x107.002893 y36.277107 z0)
(Block-X: g1 x107.025453 y36.298969 z0)
(Block-X: g1 x107.048688 y36.320111 z0)
(Block-X: g1 x107.072576 y36.340513 z0)
(Block-X: g1 x107.097093 y36.360155 z0)
(Block-X: g1 x107.122215 y36.379017 z0)
(Block-X: g1 x107.147917 y36.397081 z0)
(Block-X: g1 x107.174173 y36.414328 z0)
(Block-X: g1 x107.200959 y36.430742 z0)
(Block-X: g1 x107.228246 y36.446307 z0)
(Block-X: g1 x107.25601 y36.461007 z0)
(Block-X: g1 x107.284221 y36.474827 z0)
(Block-X: g1 x107.312852 y36.487755 z0)
(Block-X: g1 x107.341875 y36.499777 z0)
(Block-X: g1 x107.371262 y36.510881 z0)
(Block-X: g1 x107.400983 y36.521057 z0)
(Block-X: g1 x107.431009 y36.530294 z0)
(Block-X: g1 x107.46131 y36.538583 z0)
(Block-X: g1 x107.491857 y36.545917 z0)
(Block-X: g1 x107.522619 y36.552287 z0)
(Block-X: g1 x107.553566 y36.557688 z0)
(Block-X: g1 x107.584667 y36.562115 z0)
(Block-X: g1 x107.615892 y36.565562 z0)
(Block-X: g1 x107.64721 y36.568027 z0)
(Block-X: g1 x107.678589 y36.569507 z0)
(Block-X: g1 x107.71 y36.57 z0)
(Block-X: g1 x136.71 y36.57 z0)
(Block-X: g1 x136.741411 y36.569507 z0)
(Block-X: g1 x136.772791 y36.568027 z0)
(Block-X: g1 x136.804108 y36.565562 z0)
(Block-X: g1 x136.835333 y36.562115 z0)
(Block-X: g1 x136.866434 y36.557688 z0)
(Block-X: g1 x136.897381 y36.552287 z0)
(Block-X: g1 x136.928143 y36.545917 z0)
(Block-X: g1 x136.95869 y36.538583 z0)
(Block-X: g1 x136.988991 y36.530294 z0)
(Block-X: g1 x137.019017 y36.521057 z0)
(Block-X: g1 x137.048738 y36.510881 z0)
(Block-X: g1 x137.078125 y36.499777 z0)
(Block-X: g1 x137.107148 y36.487755 z0)
(Block-X: g1 x137.135779 y36.474827 z0)
(Block-X: g1 x137.163991 y36.461007 z0)
(Block-X: g1 x137.191754 y36.446307 z0)
(Block-X: g1 x137.219041 y36.430742 z0)
(Block-X: g1 x137.245827 y36.414328 z0)
(Block-X: g1 x137.272083 y36.397081 z0)
(Block-X: g1 x137.297785 y36.379017 z0)
(Block-X: g1 x137.322907 y36.360155 z0)
(Block-X: g1 x137.347424 y36.340513 z0)
(Block-X: g1 x137.371312 y36.320111 z0)
(Block-X: g1 x137.394547 y36.298969 z0)
(Block-X: g1 x137.417107 y36.277107 z0)
(Block-X: g1 x137.438969 y36.254547 z0)
(Block-X: g1 x137.460111 y36.231312 z0)
(Block-X: g1 x137.480513 y36.207424 z0)
(Block-X: g1 x137.500155 y36.182907 z0)
(Block-X: g1 x137.519017 y36.157785 z0)
(Block-X: g1 x137.537081 y36.132083 z0)
(Block-X: g1 x137.554328 y36.105827 z0)
(Block-X: g1 x137.570742 y36.079041 z0)
(Block-X: g1 x137.586307 y36.051754 z0)
(Block-X: g1 x137.601007 y36.02399 z0)
(Block-X: g1 x137.614827 y35.995779 z0)
(Block-X: g1 x137.627755 y35.967148 z0)
(Block-X: g1 x137.639777 y35.938125 z0)
(Block-X: g1 x137.650881 y35.908738 z0)
(Block-X: g1 x137.661057 y35.879017 z0)
(Block-X: g1 x137.670294 y35.848991 z0)
(Block-X: g1 x137.678583 y35.81869 z0)
(Block-X: g1 x137.685917 y35.788143 z0)
(Block-X: g1 x137.692287 y35.757381 z0)
(Block-X: g1 x137.697688 y35.726435 z0)
(Block-X: g1 x137.702115 y35.695333 z0)
(Block-X: g1 x137.705562 y35.664108 z0)
(Block-X: g1 x137.708027 y35.63279 z0)
(Block-X: g1 x137.709507 y35.601411 z0)
(Block-X: g1 x137.71 y35.57 z0)
(Block-X: g1 x137.71 y25.27 z0)
(Block-X: g1 x137.709507 y25.238589 z0)
(Block-X: g1 x137.708027 y25.20721 z0)
(Block-X: g1 x137.705562 y25.175892 z0)
(Block-X: g1 x137.702115 y25.144667 z0)
(Block-X: g1 x137.697688 y25.113565 z0)
(Block-X: g1 x137.692287 y25.082619 z0)
(Block-X: g1 x137.685917 y25.051857 z0)
(Block-X: g1 x137.678583 y25.02131 z0)
(Block-X: g1 x137.670294 y24.991009 z0)
(Block-X: g1 x137.661057 y24.960983 z0)
(Block-X: g1 x137.650881 y24.931262 z0)
(Block-X: g1 x137.639777 y24.901875 z0)
(Block-X: g1 x137.627755 y24.872852 z0)
(Block-X: g1 x137.614827 y24.844221 z0)
(Block-X: g1 x137.601007 y24.816009 z0)
(Block-X: g1 x137.586307 y24.788246 z0)
(Block-X: g1 x137.570742 y24.760959 z0)
(Block-X: g1 x137.554328 y24.734173 z0)
(Block-X: g1 x137.537081 y24.707917 z0)
(Block-X: g1 x137.519017 y24.682215 z0)
(Block-X: g1 x137.500155 y24.657093 z0)
(Block-X: g1 x137.480513 y24.632576 z0)
(Block-X: g1 x137.460111 y24.608688 z0)
(Block-X: g1 x137.438969 y24.585453 z0)
(Block-X: g1 x137.417107 y24.562893 z0)
(Block-X: g1 x137.394547 y24.541031 z0)
(Block-X: g1 x137.371312 y24.519889 z0)
(Block-X: g1 x137.347424 y24.499487 z0)
(Block-X: g1 x137.322907 y24.479845 z0)
(Block-X: g1 x137.297785 y24.460983 z0)
(Block-X: g1 x137.272083 y24.442919 z0)
(Block-X: g1 x137.245827 y24.425672 z0)
(Block-X: g1 x137.219041 y24.409258 z0)
(Block-X: g1 x137.191754 y24.393693 z0)
(Block-X: g1 x137.163991 y24.378993 z0)
(Block-X: g1 x137.135779 y24.365173 z0)
(Block-X: g1 x137.107148 y24.352245 z0)
(Block-X: g1 x137.078125 y24.340224 z0)
(Block-X: g1 x137.048738 y24.329119 z0)
(Block-X: g1 x137.019017 y24.318943 z0)
(Block-X: g1 x136.988991 y24.309706 z0)
(Block-X: g1 x136.95869 y24.301417 z0)
(Block-X: g1 x136.928143 y24.294083 z0)
(Block-X: g1 x136.897381 y24.287713 z0)
(Block-X: g1 x136.866434 y24.282312 z0)
(Block-X: g1 x136.835333 y24.277885 z0)
(Block-X: g1 x136.804108 y24.274438 z0)
(Block-X: g1 x136.772791 y24.271973 z0)
(Block-X: g1 x136.741411 y24.270493 z0)
(Block-X: g1 x136.71 y24.27 z0)
(Block-X: g1 x107.71 y24.27 z0)
(Block-X: g1 x107.677948 y24.270514 z0)
(Block-X: g1 x107.64593 y24.272055 z0)
(Block-X: g1 x107.613977 y24.274621 z0)
(Block-X: g1 x107.582123 y24.27821 z0)
(Block-X: g1 x107.5504 y24.282818 z0)
(Block-X: g1 x107.518841 y24.288441 z0)
(Block-X: g1 x107.487479 y24.295072 z0)
(Block-X: g1 x107.456345 y24.302705 z0)
(Block-X: g1 x107.425472 y24.311332 z0)
(Block-X: g1 x107.394892 y24.320944 z0)
(Block-X: g1 x107.364635 y24.331532 z0)
(Block-X: g1 x107.334733 y24.343083 z0)
(Block-X: g1 x107.305217 y24.355587 z0)
(Block-X: g1 x107.276116 y24.369031 z0)
(Block-X: g1 x107.247462 y24.383401 z0)
(Block-X: g1 x107.219282 y24.398681 z0)
(Block-X: g1 x107.191607 y24.414857 z0)
(Block-X: g1 x107.164465 y24.431912 z0)
(Block-X: g1 x107.137883 y24.449828 z0)
(Block-X: g1 x107.11189 y24.468586 z0)
(Block-X: g1 x107.08651 y24.488169 z0)
(Block-X: g1 x107.061772 y24.508554 z0)
(Block-X: g1 x107.037699 y24.529722 z0)
(Block-X: g1 x107.014317 y24.551651 z0)
(Block-X: g1 x106.991651 y24.574317 z0)
(Block-X: g1 x106.969722 y24.597699 z0)
(Block-X: g1 x106.948554 y24.621772 z0)
(Block-X: g1 x106.928168 y24.64651 z0)
(Block-X: g1 x106.908586 y24.671889 z0)
(Block-X: g1 x106.889828 y24.697883 z0)
(Block-X: g1 x106.871912 y24.724465 z0)
(Block-X: g1 x106.854857 y24.751607 z0)
(Block-X: g1 x106.838681 y24.779282 z0)
(Block-X: g1 x106.823401 y24.807462 z0)
(Block-X: g1 x106.809031 y24.836116 z0)
(Block-X: g1 x106.795587 y24.865217 z0)
(Block-X: g1 x106.783083 y24.894733 z0)
(Block-X: g1 x106.771532 y24.924635 z0)
(Block-X: g1 x106.760944 y24.954892 z0)
(Block-X: g1 x106.751332 y24.985472 z0)
(Block-X: g1 x106.742705 y25.016345 z0)
(Block-X: g1 x106.735072 y25.047479 z0)
(Block-X: g1 x106.728441 y25.078841 z0)
(Block-X: g1 x106.722818 y25.1104 z0)
(Block-X: g1 x106.71821 y25.142123 z0)
(Block-X: g1 x106.714621 y25.173977 z0)
(Block-X: g1 x106.712055 y25.20593 z0)
(Block-X: g1 x106.710514 y25.237948 z0)
(Block-X: g1 x106.71 y25.27 z0)
(Block-X: g1 x106.71 y35.57 z0)
(Block-X: [exiting])
(Block-X: g0 z3)
(Block-name: Shape2DView001)
(Block-expand: 0)
(Block-enable: 0)
(Block-X: g0 z3)
(Block-X: g0 x82 y33.3)
(Block-X: g0 z0)
(Block-X: [entered])
(Block-X: g1 x82.000493 y33.331411 z0 f400)
(Block-X: g1 x82.001973 y33.362791 z0)
(Block-X: g1 x82.004438 y33.394108 z0)
(Block-X: g1 x82.007885 y33.425333 z0)
(Block-X: g1 x82.012312 y33.456435 z0)
(Block-X: g1 x82.017713 y33.487381 z0)
(Block-X: g1 x82.024083 y33.518143 z0)
(Block-X: g1 x82.031417 y33.54869 z0)
(Block-X: g1 x82.039706 y33.578991 z0)
(Block-X: g1 x82.048943 y33.609017 z0)
(Block-X: g1 x82.059119 y33.638738 z0)
(Block-X: g1 x82.070223 y33.668125 z0)
(Block-X: g1 x82.082245 y33.697148 z0)
(Block-X: g1 x82.095173 y33.725779 z0)
(Block-X: g1 x82.108993 y33.753991 z0)
(Block-X: g1 x82.123693 y33.781754 z0)
(Block-X: g1 x82.139258 y33.809041 z0)
(Block-X: g1 x82.155672 y33.835827 z0)
(Block-X: g1 x82.172919 y33.862083 z0)
(Block-X: g1 x82.190983 y33.887785 z0)
(Block-X: g1 x82.209845 y33.912907 z0)
(Block-X: g1 x82.229487 y33.937424 z0)
(Block-X: g1 x82.249889 y33.961312 z0)
(Block-X: g1 x82.271031 y33.984547 z0)
(Block-X: g1 x82.292893 y34.007107 z0)
(Block-X: g1 x82.315453 y34.028969 z0)
(Block-X: g1 x82.338688 y34.050111 z0)
(Block-X: g1 x82.362576 y34.070513 z0)
(Block-X: g1 x82.387093 y34.090155 z0)
(Block-X: g1 x82.412215 y34.109017 z0)
(Block-X: g1 x82.437917 y34.127081 z0)
(Block-X: g1 x82.464173 y34.144328 z0)
(Block-X: g1 x82.490959 y34.160742 z0)
(Block-X: g1 x82.518246 y34.176307 z0)
(Block-X: g1 x82.546009 y34.191007 z0)
(Block-X: g1 x82.574221 y34.204827 z0)
(Block-X: g1 x82.602852 y34.217755 z0)
(Block-X: g1 x82.631875 y34.229776 z0)
(Block-X: g1 x82.661262 y34.240881 z0)
(Block-X: g1 x82.690983 y34.251056 z0)
(Block-X: g1 x82.721009 y34.260294 z0)
(Block-X: g1 x82.75131 y34.268583 z0)
(Block-X: g1 x82.781857 y34.275917 z0)
(Block-X: g1 x82.812619 y34.282287 z0)
(Block-X: g1 x82.843565 y34.287688 z0)
(Block-X: g1 x82.874667 y34.292115 z0)
(Block-X: g1 x82.905892 y34.295562 z0)
(Block-X: g1 x82.937209 y34.298027 z0)
(Block-X: g1 x82.968589 y34.299507 z0)
(Block-X: g1 x83 y34.3 z0)
(Block-X: g1 x94 y34.3 z0)
(Block-X: g1 x94.031411 y34.299507 z0)
(Block-X: g1 x94.062791 y34.298027 z0)
(Block-X: g1 x94.094108 y34.295562 z0)
(Block-X: g1 x94.125333 y34.292115 z0)
(Block-X: g1 x94.156435 y34.287688 z0)
(Block-X: g1 x94.187381 y34.282287 z0)
(Block-X: g1 x94.218143 y34.275917 z0)
(Block-X: g1 x94.24869 y34.268583 z0)
(Block-X: g1 x94.278991 y34.260294 z0)
(Block-X: g1 x94.309017 y34.251056 z0)
(Block-X: g1 x94.338738 y34.240881 z0)
(Block-X: g1 x94.368125 y34.229776 z0)
(Block-X: g1 x94.397148 y34.217755 z0)
(Block-X: g1 x94.425779 y34.204827 z0)
(Block-X: g1 x94.453991 y34.191007 z0)
(Block-X: g1 x94.481754 y34.176307 z0)
(Block-X: g1 x94.509041 y34.160742 z0)
(Block-X: g1 x94.535827 y34.144328 z0)
(Block-X: g1 x94.562083 y34.127081 z0)
(Block-X: g1 x94.587785 y34.109017 z0)
(Block-X: g1 x94.612907 y34.090155 z0)
(Block-X: g1 x94.637424 y34.070513 z0)
(Block-X: g1 x94.661312 y34.050111 z0)
(Block-X: g1 x94.684547 y34.028969 z0)
(Block-X: g1 x94.707107 y34.007107 z0)
(Block-X: g1 x94.728969 y33.984547 z0)
(Block-X: g1 x94.750111 y33.961312 z0)
(Block-X: g1 x94.770513 y33.937424 z0)
(Block-X: g1 x94.790155 y33.912907 z0)
(Block-X: g1 x94.809017 y33.887785 z0)
(Block-X: g1 x94.827081 y33.862083 z0)
(Block-X: g1 x94.844328 y33.835827 z0)
(Block-X: g1 x94.860742 y33.809041 z0)
(Block-X: g1 x94.876307 y33.781754 z0)
(Block-X: g1 x94.891007 y33.753991 z0)
(Block-X: g1 x94.904827 y33.725779 z0)
(Block-X: g1 x94.917755 y33.697148 z0)
(Block-X: g1 x94.929777 y33.668125 z0)
(Block-X: g1 x94.940881 y33.638738 z0)
(Block-X: g1 x94.951057 y33.609017 z0)
(Block-X: g1 x94.960294 y33.578991 z0)
(Block-X: g1 x94.968583 y33.54869 z0)
(Block-X: g1 x94.975917 y33.518143 z0)
(Block-X: g1 x94.982287 y33.487381 z0)
(Block-X: g1 x94.987688 y33.456435 z0)
(Block-X: g1 x94.992115 y33.425333 z0)
(Block-X: g1 x94.995562 y33.394108 z0)
(Block-X: g1 x94.998027 y33.362791 z0)
(Block-X: g1 x94.999507 y33.331411 z0)
(Block-X: g1 x95 y33.3 z0)
(Block-X: g1 x95 y16 z0)
(Block-X: g1 x94.999507 y15.968589 z0)
(Block-X: g1 x94.998027 y15.937209 z0)
(Block-X: g1 x94.995562 y15.905892 z0)
(Block-X: g1 x94.992115 y15.874667 z0)
(Block-X: g1 x94.987688 y15.843566 z0)
(Block-X: g1 x94.982287 y15.812619 z0)
(Block-X: g1 x94.975917 y15.781857 z0)
(Block-X: g1 x94.968583 y15.75131 z0)
(Block-X: g1 x94.960294 y15.721009 z0)
(Block-X: g1 x94.951057 y15.690983 z0)
(Block-X: g1 x94.940881 y15.661262 z0)
(Block-X: g1 x94.929777 y15.631875 z0)
(Block-X: g1 x94.917755 y15.602852 z0)
(Block-X: g1 x94.904827 y15.574221 z0)
(Block-X: g1 x94.891007 y15.54601 z0)
(Block-X: g1 x94.876307 y15.518246 z0)
(Block-X: g1 x94.860742 y15.490959 z0)
(Block-X: g1 x94.844328 y15.464173 z0)
(Block-X: g1 x94.827081 y15.437917 z0)
(Block-X: g1 x94.809017 y15.412215 z0)
(Block-X: g1 x94.790155 y15.387093 z0)
(Block-X: g1 x94.770513 y15.362576 z0)
(Block-X: g1 x94.750111 y15.338688 z0)
(Block-X: g1 x94.728969 y15.315453 z0)
(Block-X: g1 x94.707107 y15.292893 z0)
(Block-X: g1 x94.684547 y15.271031 z0)
(Block-X: g1 x94.661312 y15.249889 z0)
(Block-X: g1 x94.637424 y15.229487 z0)
(Block-X: g1 x94.612907 y15.209845 z0)
(Block-X: g1 x94.587785 y15.190983 z0)
(Block-X: g1 x94.562083 y15.172919 z0)
(Block-X: g1 x94.535827 y15.155672 z0)
(Block-X: g1 x94.509041 y15.139258 z0)
(Block-X: g1 x94.481754 y15.123693 z0)
(Block-X: g1 x94.453991 y15.108994 z0)
(Block-X: g1 x94.425779 y15.095173 z0)
(Block-X: g1 x94.397148 y15.082245 z0)
(Block-X: g1 x94.368125 y15.070224 z0)
(Block-X: g1 x94.338738 y15.059119 z0)
(Block-X: g1 x94.309017 y15.048944 z0)
(Block-X: g1 x94.278991 y15.039706 z0)
(Block-X: g1 x94.24869 y15.031417 z0)
(Block-X: g1 x94.218143 y15.024083 z0)
(Block-X: g1 x94.187381 y15.017713 z0)
(Block-X: g1 x94.156435 y15.012312 z0)
(Block-X: g1 x94.125333 y15.007885 z0)
(Block-X: g1 x94.094108 y15.004438 z0)
(Block-X: g1 x94.062791 y15.001973 z0)
(Block-X: g1 x94.031411 y15.000493 z0)
(Block-X: g1 x94 y15 z0)
(Block-X: g1 x83 y15 z0)
(Block-X: g1 x82.967948 y15.000514 z0)
(Block-X: g1 x82.93593 y15.002055 z0)
(Block-X: g1 x82.903977 y15.004621 z0)
(Block-X: g1 x82.872123 y15.00821 z0)
(Block-X: g1 x82.8404 y15.012818 z0)
(Block-X: g1 x82.808841 y15.018441 z0)
(Block-X: g1 x82.777479 y15.025072 z0)
(Block-X: g1 x82.746345 y15.032705 z0)
(Block-X: g1 x82.715472 y15.041332 z0)
(Block-X: g1 x82.684892 y15.050944 z0)
(Block-X: g1 x82.654635 y15.061532 z0)
(Block-X: g1 x82.624733 y15.073083 z0)
(Block-X: g1 x82.595217 y15.085587 z0)
(Block-X: g1 x82.566116 y15.099031 z0)
(Block-X: g1 x82.537462 y15.113401 z0)
(Block-X: g1 x82.509282 y15.128681 z0)
(Block-X: g1 x82.481607 y15.144857 z0)
(Block-X: g1 x82.454465 y15.161912 z0)
(Block-X: g1 x82.427883 y15.179828 z0)
(Block-X: g1 x82.401889 y15.198586 z0)
(Block-X: g1 x82.37651 y15.218169 z0)
(Block-X: g1 x82.351772 y15.238554 z0)
(Block-X: g1 x82.327699 y15.259722 z0)
(Block-X: g1 x82.304317 y15.281651 z0)
(Block-X: g1 x82.281651 y15.304317 z0)
(Block-X: g1 x82.259722 y15.327699 z0)
(Block-X: g1 x82.238554 y15.351772 z0)
(Block-X: g1 x82.218169 y15.37651 z0)
(Block-X: g1 x82.198586 y15.401889 z0)
(Block-X: g1 x82.179828 y15.427883 z0)
(Block-X: g1 x82.161912 y15.454465 z0)
(Block-X: g1 x82.144857 y15.481607 z0)
(Block-X: g1 x82.128681 y15.509282 z0)
(Block-X: g1 x82.113401 y15.537462 z0)
(Block-X: g1 x82.099031 y15.566116 z0)
(Block-X: g1 x82.085587 y15.595217 z0)
(Block-X: g1 x82.073083 y15.624733 z0)
(Block-X: g1 x82.061532 y15.654635 z0)
(Block-X: g1 x82.050944 y15.684892 z0)
(Block-X: g1 x82.041332 y15.715472 z0)
(Block-X: g1 x82.032705 y15.746345 z0)
(Block-X: g1 x82.025072 y15.777479 z0)
(Block-X: g1 x82.018441 y15.808841 z0)
(Block-X: g1 x82.012818 y15.8404 z0)
(Block-X: g1 x82.00821 y15.872123 z0)
(Block-X: g1 x82.004621 y15.903977 z0)
(Block-X: g1 x82.002055 y15.93593 z0)
(Block-X: g1 x82.000514 y15.967948 z0)
(Block-X: g1 x82 y16 z0)
(Block-X: g1 x82 y33.3 z0)
(Block-X: [exiting])
(Block-X: g0 z3)
(Block-name: Shape2DView001)
(Block-expand: 0)
(Block-enable: 0)
(Block-X: g0 z3)
(Block-X: g0 x88.499968 y38.515)
(Block-X: g0 z0)
(Block-X: [entered])
(Block-X: g1 x88.310557 y38.517992 z0 f400)
(Block-X: g1 x88.121335 y38.526961 z0)
(Block-X: g1 x87.93249 y38.541899 z0)
(Block-X: g1 x87.744211 y38.562792 z0)
(Block-X: g1 x87.556685 y38.589618 z0)
(Block-X: g1 x87.3701 y38.62235 z0)
(Block-X: g1 x87.184641 y38.660956 z0)
(Block-X: g1 x87.000493 y38.705398 z0)
(Block-X: g1 x86.817839 y38.755631 z0)
(Block-X: g1 x86.636863 y38.811605 z0)
(Block-X: g1 x86.457744 y38.873264 z0)
(Block-X: g1 x86.28066 y38.940547 z0)
(Block-X: g1 x86.105789 y39.013386 z0)
(Block-X: g1 x85.933305 y39.09171 z0)
(Block-X: g1 x85.763379 y39.17544 z0)
(Block-X: g1 x85.596181 y39.264492 z0)
(Block-X: g1 x85.431877 y39.358778 z0)
(Block-X: g1 x85.270632 y39.458204 z0)
(Block-X: g1 x85.112606 y39.562671 z0)
(Block-X: g1 x84.957957 y39.672074 z0)
(Block-X: g1 x84.806838 y39.786305 z0)
(Block-X: g1 x84.659401 y39.90525 z0)
(Block-X: g1 x84.515792 y40.028789 z0)
(Block-X: g1 x84.376155 y40.156801 z0)
(Block-X: g1 x84.240628 y40.289157 z0)
(Block-X: g1 x84.109347 y40.425725 z0)
(Block-X: g1 x83.982444 y40.566369 z0)
(Block-X: g1 x83.860043 y40.71095 z0)
(Block-X: g1 x83.742267 y40.859323 z0)
(Block-X: g1 x83.629234 y41.011339 z0)
(Block-X: g1 x83.521056 y41.166848 z0)
(Block-X: g1 x83.417842 y41.325695 z0)
(Block-X: g1 x83.319693 y41.487721 z0)
(Block-X: g1 x83.226708 y41.652764 z0)
(Block-X: g1 x83.13898 y41.820661 z0)
(Block-X: g1 x83.056596 y41.991243 z0)
(Block-X: g1 x82.979637 y42.164341 z0)
(Block-X: g1 x82.908182 y42.339783 z0)
(Block-X: g1 x82.8423 y42.517392 z0)
(Block-X: g1 x82.782059 y42.696993 z0)
(Block-X: g1 x82.727517 y42.878406 z0)
(Block-X: g1 x82.678729 y43.061451 z0)
(Block-X: g1 x82.635744 y43.245944 z0)
(Block-X: g1 x82.598605 y43.431703 z0)
(Block-X: g1 x82.567348 y43.618541 z0)
(Block-X: g1 x82.542005 y43.806273 z0)
(Block-X: g1 x82.522601 y43.994711 z0)
(Block-X: g1 x82.509155 y44.183668 z0)
(Block-X: g1 x82.501682 y44.372955 z0)
(Block-X: g1 x82.500187 y44.562384 z0)
(Block-X: g1 x82.504673 y44.751766 z0)
(Block-X: g1 x82.515136 y44.940911 z0)
(Block-X: g1 x82.531564 y45.129632 z0)
(Block-X: g1 x82.553942 y45.317741 z0)
(Block-X: g1 x82.582247 y45.505049 z0)
(Block-X: g1 x82.616451 y45.69137 z0)
(Block-X: g1 x82.656519 y45.876519 z0)
(Block-X: g1 x82.702413 y46.06031 z0)
(Block-X: g1 x82.754086 y46.242561 z0)
(Block-X: g1 x82.811486 y46.42309 z0)
(Block-X: g1 x82.874557 y46.601717 z0)
(Block-X: g1 x82.943235 y46.778264 z0)
(Block-X: g1 x83.017453 y46.952555 z0)
(Block-X: g1 x83.097135 y47.124416 z0)
(Block-X: g1 x83.182203 y47.293676 z0)
(Block-X: g1 x83.272573 y47.460166 z0)
(Block-X: g1 x83.368152 y47.62372 z0)
(Block-X: g1 x83.468848 y47.784176 z0)
(Block-X: g1 x83.574559 y47.941372 z0)
(Block-X: g1 x83.685179 y48.095154 z0)
(Block-X: g1 x83.800599 y48.245366 z0)
(Block-X: g1 x83.920703 y48.39186 z0)
(Block-X: g1 x84.045372 y48.534489 z0)
(Block-X: g1 x84.174482 y48.673112 z0)
(Block-X: g1 x84.307903 y48.80759 z0)
(Block-X: g1 x84.445503 y48.937788 z0)
(Block-X: g1 x84.587145 y49.063578 z0)
(Block-X: g1 x84.732687 y49.184835 z0)
(Block-X: g1 x84.881985 y49.301435 z0)
(Block-X: g1 x85.034889 y49.413265 z0)
(Block-X: g1 x85.191247 y49.520212 z0)
(Block-X: g1 x85.350903 y49.62217 z0)
(Block-X: g1 x85.513698 y49.719037 z0)
(Block-X: g1 x85.67947 y49.810716 z0)
(Block-X: g1 x85.848054 y49.897117 z0)
(Block-X: g1 x86.019282 y49.978153 z0)
(Block-X: g1 x86.192982 y50.053742 z0)
(Block-X: g1 x86.368981 y50.123811 z0)
(Block-X: g1 x86.547105 y50.188288 z0)
(Block-X: g1 x86.727176 y50.247111 z0)
(Block-X: g1 x86.909014 y50.300219 z0)
(Block-X: g1 x87.092438 y50.347561 z0)
(Block-X: g1 x87.277265 y50.389089 z0)
(Block-X: g1 x87.46331 y50.424761 z0)
(Block-X: g1 x87.650389 y50.454542 z0)
(Block-X: g1 x87.838315 y50.478403 z0)
(Block-X: g1 x88.026901 y50.496319 z0)
(Block-X: g1 x88.215958 y50.508273 z0)
(Block-X: g1 x88.405299 y50.514253 z0)
(Block-X: g1 x88.594733 y50.514252 z0)
(Block-X: g1 x88.784074 y50.508271 z0)
(Block-X: g1 x88.973131 y50.496316 z0)
(Block-X: g1 x89.161716 y50.478399 z0)
(Block-X: g1 x89.349642 y50.454538 z0)
(Block-X: g1 x89.536721 y50.424755 z0)
(Block-X: g1 x89.722767 y50.389082 z0)
(Block-X: g1 x89.907593 y50.347554 z0)
(Block-X: g1 x90.091017 y50.300211 z0)
(Block-X: g1 x90.272854 y50.247101 z0)
(Block-X: g1 x90.452925 y50.188278 z0)
(Block-X: g1 x90.631049 y50.123799 z0)
(Block-X: g1 x90.807048 y50.05373 z0)
(Block-X: g1 x90.980748 y49.978139 z0)
(Block-X: g1 x91.151974 y49.897103 z0)
(Block-X: g1 x91.320558 y49.810702 z0)
(Block-X: g1 x91.486329 y49.719021 z0)
(Block-X: g1 x91.649124 y49.622154 z0)
(Block-X: g1 x91.80878 y49.520195 z0)
(Block-X: g1 x91.965137 y49.413247 z0)
(Block-X: g1 x92.118041 y49.301416 z0)
(Block-X: g1 x92.267338 y49.184815 z0)
(Block-X: g1 x92.412879 y49.063558 z0)
(Block-X: g1 x92.55452 y48.937767 z0)
(Block-X: g1 x92.69212 y48.807567 z0)
(Block-X: g1 x92.82554 y48.673089 z0)
(Block-X: g1 x92.954649 y48.534466 z0)
(Block-X: g1 x93.079317 y48.391835 z0)
(Block-X: g1 x93.199421 y48.245341 z0)
(Block-X: g1 x93.31484 y48.095128 z0)
(Block-X: g1 x93.42546 y47.941346 z0)
(Block-X: g1 x93.531169 y47.784149 z0)
(Block-X: g1 x93.631864 y47.623693 z0)
(Block-X: g1 x93.727443 y47.460138 z0)
(Block-X: g1 x93.817811 y47.293648 z0)
(Block-X: g1 x93.902879 y47.124387 z0)
(Block-X: g1 x93.98256 y46.952526 z0)
(Block-X: g1 x94.056777 y46.778235 z0)
(Block-X: g1 x94.125454 y46.601687 z0)
(Block-X: g1 x94.188524 y46.42306 z0)
(Block-X: g1 x94.245924 y46.242531 z0)
(Block-X: g1 x94.297595 y46.06028 z0)
(Block-X: g1 x94.343488 y45.876488 z0)
(Block-X: g1 x94.383556 y45.691339 z0)
(Block-X: g1 x94.417759 y45.505017 z0)
(Block-X: g1 x94.446062 y45.317709 z0)
(Block-X: g1 x94.468439 y45.129601 z0)
(Block-X: g1 x94.484866 y44.94088 z0)
(Block-X: g1 x94.495328 y44.751734 z0)
(Block-X: g1 x94.499813 y44.562352 z0)
(Block-X: g1 x94.498318 y44.372923 z0)
(Block-X: g1 x94.490843 y44.183636 z0)
(Block-X: g1 x94.477396 y43.994679 z0)
(Block-X: g1 x94.457991 y43.806241 z0)
(Block-X: g1 x94.432647 y43.618509 z0)
(Block-X: g1 x94.40139 y43.431671 z0)
(Block-X: g1 x94.364249 y43.245913 z0)
(Block-X: g1 x94.321263 y43.06142 z0)
(Block-X: g1 x94.272474 y42.878376 z0)
(Block-X: g1 x94.217932 y42.696963 z0)
(Block-X: g1 x94.157689 y42.517362 z0)
(Block-X: g1 x94.091807 y42.339753 z0)
(Block-X: g1 x94.02035 y42.164312 z0)
(Block-X: g1 x93.943391 y41.991214 z0)
(Block-X: g1 x93.861006 y41.820633 z0)
(Block-X: g1 x93.773277 y41.652736 z0)
(Block-X: g1 x93.680291 y41.487693 z0)
(Block-X: g1 x93.582142 y41.325668 z0)
(Block-X: g1 x93.478926 y41.166822 z0)
(Block-X: g1 x93.370747 y41.011313 z0)
(Block-X: g1 x93.257714 y40.859297 z0)
(Block-X: g1 x93.139937 y40.710925 z0)
(Block-X: g1 x93.017535 y40.566345 z0)
(Block-X: g1 x92.890631 y40.425702 z0)
(Block-X: g1 x92.759349 y40.289134 z0)
(Block-X: g1 x92.623822 y40.156779 z0)
(Block-X: g1 x92.484184 y40.028768 z0)
(Block-X: g1 x92.340575 y39.905229 z0)
(Block-X: g1 x92.193137 y39.786285 z0)
(Block-X: g1 x92.042018 y39.672055 z0)
(Block-X: g1 x91.887368 y39.562653 z0)
(Block-X: g1 x91.729341 y39.458187 z0)
(Block-X: g1 x91.568095 y39.358762 z0)
(Block-X: g1 x91.403791 y39.264477 z0)
(Block-X: g1 x91.236593 y39.175425 z0)
(Block-X: g1 x91.066666 y39.091696 z0)
(Block-X: g1 x90.894181 y39.013373 z0)
(Block-X: g1 x90.71931 y38.940535 z0)
(Block-X: g1 x90.542226 y38.873253 z0)
(Block-X: g1 x90.363107 y38.811595 z0)
(Block-X: g1 x90.18213 y38.755622 z0)
(Block-X: g1 x89.999477 y38.70539 z0)
(Block-X: g1 x89.815328 y38.660949 z0)
(Block-X: g1 x89.629869 y38.622344 z0)
(Block-X: g1 x89.443284 y38.589613 z0)
(Block-X: g1 x89.255758 y38.562788 z0)
(Block-X: g1 x89.067478 y38.541896 z0)
(Block-X: g1 x88.878634 y38.526959 z0)
(Block-X: g1 x88.689411 y38.517991 z0)
(Block-X: g1 x88.5 y38.515 z0)
(Block-X: [exiting])
(Block-X: g0 z3)
(Block-name: Shape2DView001)
(Block-expand: 0)
(Block-enable: 0)
(Block-X: g0 z3)
(Block-X: g0 x153.699976 y26)
(Block-X: g0 z0)
(Block-X: [entered])
(Block-X: g1 x153.557918 y26.002244 z0 f400)
(Block-X: g1 x153.416001 y26.008971 z0)
(Block-X: g1 x153.274367 y26.020174 z0)
(Block-X: g1 x153.133158 y26.035844 z0)
(Block-X: g1 x152.992514 y26.055963 z0)
(Block-X: g1 x152.852575 y26.080512 z0)
(Block-X: g1 x152.71348 y26.109467 z0)
(Block-X: g1 x152.575369 y26.142798 z0)
(Block-X: g1 x152.43838 y26.180473 z0)
(Block-X: g1 x152.302647 y26.222453 z0)
(Block-X: g1 x152.168308 y26.268698 z0)
(Block-X: g1 x152.035495 y26.31916 z0)
(Block-X: g1 x151.904342 y26.37379 z0)
(Block-X: g1 x151.774979 y26.432532 z0)
(Block-X: g1 x151.647534 y26.49533 z0)
(Block-X: g1 x151.522136 y26.562119 z0)
(Block-X: g1 x151.398908 y26.632834 z0)
(Block-X: g1 x151.277974 y26.707403 z0)
(Block-X: g1 x151.159455 y26.785753 z0)
(Block-X: g1 x151.043467 y26.867806 z0)
(Block-X: g1 x150.930129 y26.953479 z0)
(Block-X: g1 x150.819551 y27.042687 z0)
(Block-X: g1 x150.711844 y27.135342 z0)
(Block-X: g1 x150.607116 y27.231351 z0)
(Block-X: g1 x150.505471 y27.330617 z0)
(Block-X: g1 x150.407011 y27.433044 z0)
(Block-X: g1 x150.311833 y27.538527 z0)
(Block-X: g1 x150.220032 y27.646963 z0)
(Block-X: g1 x150.1317 y27.758242 z0)
(Block-X: g1 x150.046925 y27.872255 z0)
(Block-X: g1 x149.965792 y27.988886 z0)
(Block-X: g1 x149.888381 y28.108021 z0)
(Block-X: g1 x149.81477 y28.229541 z0)
(Block-X: g1 x149.745031 y28.353323 z0)
(Block-X: g1 x149.679235 y28.479246 z0)
(Block-X: g1 x149.617447 y28.607183 z0)
(Block-X: g1 x149.559728 y28.737006 z0)
(Block-X: g1 x149.506136 y28.868587 z0)
(Block-X: g1 x149.456725 y29.001794 z0)
(Block-X: g1 x149.411544 y29.136495 z0)
(Block-X: g1 x149.370638 y29.272555 z0)
(Block-X: g1 x149.334047 y29.409838 z0)
(Block-X: g1 x149.301808 y29.548208 z0)
(Block-X: g1 x149.273954 y29.687527 z0)
(Block-X: g1 x149.250511 y29.827656 z0)
(Block-X: g1 x149.231504 y29.968454 z0)
(Block-X: g1 x149.216951 y30.109783 z0)
(Block-X: g1 x149.206866 y30.251501 z0)
(Block-X: g1 x149.201261 y30.393466 z0)
(Block-X: g1 x149.20014 y30.535538 z0)
(Block-X: g1 x149.203505 y30.677574 z0)
(Block-X: g1 x149.211352 y30.819433 z0)
(Block-X: g1 x149.223673 y30.960974 z0)
(Block-X: g1 x149.240456 y31.102055 z0)
(Block-X: g1 x149.261685 y31.242537 z0)
(Block-X: g1 x149.287338 y31.382278 z0)
(Block-X: g1 x149.317389 y31.521139 z0)
(Block-X: g1 x149.35181 y31.658983 z0)
(Block-X: g1 x149.390564 y31.795671 z0)
(Block-X: g1 x149.433615 y31.931068 z0)
(Block-X: g1 x149.480918 y32.065038 z0)
(Block-X: g1 x149.532426 y32.197448 z0)
(Block-X: g1 x149.588089 y32.328166 z0)
(Block-X: g1 x149.647851 y32.457062 z0)
(Block-X: g1 x149.711653 y32.584007 z0)
(Block-X: g1 x149.779429 y32.708875 z0)
(Block-X: g1 x149.851114 y32.83154 z0)
(Block-X: g1 x149.926636 y32.951882 z0)
(Block-X: g1 x150.005919 y33.069779 z0)
(Block-X: g1 x150.088884 y33.185115 z0)
(Block-X: g1 x150.175449 y33.297774 z0)
(Block-X: g1 x150.265527 y33.407645 z0)
(Block-X: g1 x150.359029 y33.514617 z0)
(Block-X: g1 x150.455861 y33.618584 z0)
(Block-X: g1 x150.555927 y33.719442 z0)
(Block-X: g1 x150.659128 y33.817091 z0)
(Block-X: g1 x150.765359 y33.911434 z0)
(Block-X: g1 x150.874515 y34.002376 z0)
(Block-X: g1 x150.986489 y34.089827 z0)
(Block-X: g1 x151.101167 y34.173699 z0)
(Block-X: g1 x151.218435 y34.253909 z0)
(Block-X: g1 x151.338177 y34.330378 z0)
(Block-X: g1 x151.460274 y34.403028 z0)
(Block-X: g1 x151.584603 y34.471787 z0)
(Block-X: g1 x151.711041 y34.536588 z0)
(Block-X: g1 x151.839461 y34.597364 z0)
(Block-X: g1 x151.969736 y34.654057 z0)
(Block-X: g1 x152.101736 y34.706608 z0)
(Block-X: g1 x152.235329 y34.754966 z0)
(Block-X: g1 x152.370382 y34.799083 z0)
(Block-X: g1 x152.50676 y34.838915 z0)
(Block-X: g1 x152.644328 y34.874421 z0)
(Block-X: g1 x152.782948 y34.905566 z0)
(Block-X: g1 x152.922483 y34.932321 z0)
(Block-X: g1 x153.062792 y34.954657 z0)
(Block-X: g1 x153.203736 y34.972552 z0)
(Block-X: g1 x153.345176 y34.985989 z0)
(Block-X: g1 x153.486969 y34.994955 z0)
(Block-X: g1 x153.628974 y34.999439 z0)
(Block-X: g1 x153.77105 y34.999439 z0)
(Block-X: g1 x153.913055 y34.994954 z0)
(Block-X: g1 x154.054848 y34.985987 z0)
(Block-X: g1 x154.196287 y34.972549 z0)
(Block-X: g1 x154.337232 y34.954653 z0)
(Block-X: g1 x154.477541 y34.932317 z0)
(Block-X: g1 x154.617075 y34.905562 z0)
(Block-X: g1 x154.755695 y34.874415 z0)
(Block-X: g1 x154.893263 y34.838908 z0)
(Block-X: g1 x155.029641 y34.799076 z0)
(Block-X: g1 x155.164694 y34.754959 z0)
(Block-X: g1 x155.298286 y34.7066 z0)
(Block-X: g1 x155.430286 y34.654047 z0)
(Block-X: g1 x155.560561 y34.597355 z0)
(Block-X: g1 x155.688981 y34.536577 z0)
(Block-X: g1 x155.815418 y34.471776 z0)
(Block-X: g1 x155.939747 y34.403016 z0)
(Block-X: g1 x156.061843 y34.330365 z0)
(Block-X: g1 x156.181585 y34.253896 z0)
(Block-X: g1 x156.298853 y34.173685 z0)
(Block-X: g1 x156.413531 y34.089812 z0)
(Block-X: g1 x156.525503 y34.002361 z0)
(Block-X: g1 x156.634659 y33.911418 z0)
(Block-X: g1 x156.74089 y33.817075 z0)
(Block-X: g1 x156.84409 y33.719425 z0)
(Block-X: g1 x156.944155 y33.618567 z0)
(Block-X: g1 x157.040987 y33.514599 z0)
(Block-X: g1 x157.134488 y33.407627 z0)
(Block-X: g1 x157.224566 y33.297756 z0)
(Block-X: g1 x157.31113 y33.185096 z0)
(Block-X: g1 x157.394095 y33.06976 z0)
(Block-X: g1 x157.473377 y32.951862 z0)
(Block-X: g1 x157.548898 y32.83152 z0)
(Block-X: g1 x157.620582 y32.708854 z0)
(Block-X: g1 x157.688358 y32.583986 z0)
(Block-X: g1 x157.752159 y32.45704 z0)
(Block-X: g1 x157.81192 y32.328144 z0)
(Block-X: g1 x157.867583 y32.197426 z0)
(Block-X: g1 x157.919091 y32.065016 z0)
(Block-X: g1 x157.966393 y31.931045 z0)
(Block-X: g1 x158.009443 y31.795648 z0)
(Block-X: g1 x158.048196 y31.65896 z0)
(Block-X: g1 x158.082616 y31.521116 z0)
(Block-X: g1 x158.112667 y31.382254 z0)
(Block-X: g1 x158.138319 y31.242513 z0)
(Block-X: g1 x158.159547 y31.102032 z0)
(Block-X: g1 x158.176329 y30.96095 z0)
(Block-X: g1 x158.18865 y30.81941 z0)
(Block-X: g1 x158.196496 y30.67755 z0)
(Block-X: g1 x158.19986 y30.535514 z0)
(Block-X: g1 x158.198738 y30.393442 z0)
(Block-X: g1 x158.193132 y30.251477 z0)
(Block-X: g1 x158.183047 y30.109759 z0)
(Block-X: g1 x158.168494 y29.968431 z0)
(Block-X: g1 x158.149485 y29.827632 z0)
(Block-X: g1 x158.126042 y29.687503 z0)
(Block-X: g1 x158.098187 y29.548185 z0)
(Block-X: g1 x158.065947 y29.409815 z0)
(Block-X: g1 x158.029356 y29.272532 z0)
(Block-X: g1 x157.988449 y29.136472 z0)
(Block-X: g1 x157.943267 y29.001772 z0)
(Block-X: g1 x157.893855 y28.868565 z0)
(Block-X: g1 x157.840263 y28.736984 z0)
(Block-X: g1 x157.782543 y28.607161 z0)
(Block-X: g1 x157.720754 y28.479224 z0)
(Block-X: g1 x157.654957 y28.353302 z0)
(Block-X: g1 x157.585218 y28.22952 z0)
(Block-X: g1 x157.511606 y28.108001 z0)
(Block-X: g1 x157.434194 y27.988867 z0)
(Block-X: g1 x157.353061 y27.872235 z0)
(Block-X: g1 x157.268285 y27.758223 z0)
(Block-X: g1 x157.179953 y27.646944 z0)
(Block-X: g1 x157.088152 y27.538509 z0)
(Block-X: g1 x156.992973 y27.433026 z0)
(Block-X: g1 x156.894512 y27.3306 z0)
(Block-X: g1 x156.792867 y27.231334 z0)
(Block-X: g1 x156.688138 y27.135326 z0)
(Block-X: g1 x156.580431 y27.042672 z0)
(Block-X: g1 x156.469853 y26.953464 z0)
(Block-X: g1 x156.356513 y26.867792 z0)
(Block-X: g1 x156.240526 y26.78574 z0)
(Block-X: g1 x156.122006 y26.70739 z0)
(Block-X: g1 x156.001071 y26.632821 z0)
(Block-X: g1 x155.877844 y26.562107 z0)
(Block-X: g1 x155.752445 y26.495319 z0)
(Block-X: g1 x155.625 y26.432522 z0)
(Block-X: g1 x155.495636 y26.37378 z0)
(Block-X: g1 x155.364482 y26.319151 z0)
(Block-X: g1 x155.23167 y26.26869 z0)
(Block-X: g1 x155.09733 y26.222446 z0)
(Block-X: g1 x154.961598 y26.180466 z0)
(Block-X: g1 x154.824607 y26.142792 z0)
(Block-X: g1 x154.686496 y26.109462 z0)
(Block-X: g1 x154.547402 y26.080508 z0)
(Block-X: g1 x154.407463 y26.055959 z0)
(Block-X: g1 x154.266818 y26.035841 z0)
(Block-X: g1 x154.125609 y26.020172 z0)
(Block-X: g1 x153.983975 y26.008969 z0)
(Block-X: g1 x153.842058 y26.002243 z0)
(Block-X: g1 x153.7 y26 z0)
(Block-X: [exiting])
(Block-X: g0 z3)
(Block-name: Shape2DView001)
(Block-expand: 0)
(Block-enable: 0)
(Block-X: g0 z3)
(Block-X: g0 x154.094981 y11.1)
(Block-X: g0 z0)
(Block-X: [entered])
(Block-X: g1 x153.984492 y11.101745 z0 f400)
(Block-X: g1 x153.874112 y11.106977 z0)
(Block-X: g1 x153.763952 y11.115691 z0)
(Block-X: g1 x153.654123 y11.127878 z0)
(Block-X: g1 x153.544733 y11.143527 z0)
(Block-X: g1 x153.435891 y11.162621 z0)
(Block-X: g1 x153.327707 y11.185141 z0)
(Block-X: g1 x153.220287 y11.211065 z0)
(Block-X: g1 x153.11374 y11.240368 z0)
(Block-X: g1 x153.00817 y11.273019 z0)
(Block-X: g1 x152.903684 y11.308987 z0)
(Block-X: g1 x152.800385 y11.348235 z0)
(Block-X: g1 x152.698377 y11.390725 z0)
(Block-X: g1 x152.597761 y11.436414 z0)
(Block-X: g1 x152.498638 y11.485257 z0)
(Block-X: g1 x152.401105 y11.537204 z0)
(Block-X: g1 x152.305262 y11.592204 z0)
(Block-X: g1 x152.211202 y11.650203 z0)
(Block-X: g1 x152.11902 y11.711141 z0)
(Block-X: g1 x152.028808 y11.77496 z0)
(Block-X: g1 x151.940656 y11.841595 z0)
(Block-X: g1 x151.85465 y11.910979 z0)
(Block-X: g1 x151.770879 y11.983044 z0)
(Block-X: g1 x151.689424 y12.057717 z0)
(Block-X: g1 x151.610366 y12.134925 z0)
(Block-X: g1 x151.533786 y12.21459 z0)
(Block-X: g1 x151.459759 y12.296632 z0)
(Block-X: g1 x151.388358 y12.380971 z0)
(Block-X: g1 x151.319656 y12.467522 z0)
(Block-X: g1 x151.25372 y12.556198 z0)
(Block-X: g1 x151.190616 y12.646912 z0)
(Block-X: g1 x151.130408 y12.739572 z0)
(Block-X: g1 x151.073154 y12.834087 z0)
(Block-X: g1 x151.018913 y12.930362 z0)
(Block-X: g1 x150.967738 y13.028302 z0)
(Block-X: g1 x150.919681 y13.127809 z0)
(Block-X: g1 x150.874788 y13.228782 z0)
(Block-X: g1 x150.833106 y13.331123 z0)
(Block-X: g1 x150.794675 y13.434729 z0)
(Block-X: g1 x150.759534 y13.539496 z0)
(Block-X: g1 x150.727718 y13.64532 z0)
(Block-X: g1 x150.699259 y13.752096 z0)
(Block-X: g1 x150.674184 y13.859717 z0)
(Block-X: g1 x150.652519 y13.968077 z0)
(Block-X: g1 x150.634286 y14.077065 z0)
(Block-X: g1 x150.619503 y14.186576 z0)
(Block-X: g1 x150.608184 y14.296498 z0)
(Block-X: g1 x150.600341 y14.406723 z0)
(Block-X: g1 x150.595981 y14.517141 z0)
(Block-X: g1 x150.595109 y14.627641 z0)
(Block-X: g1 x150.597726 y14.738113 z0)
(Block-X: g1 x150.603829 y14.848448 z0)
(Block-X: g1 x150.613412 y14.958535 z0)
(Block-X: g1 x150.626466 y15.068265 z0)
(Block-X: g1 x150.642977 y15.177528 z0)
(Block-X: g1 x150.662929 y15.286216 z0)
(Block-X: g1 x150.686303 y15.394219 z0)
(Block-X: g1 x150.713074 y15.501431 z0)
(Block-X: g1 x150.743217 y15.607744 z0)
(Block-X: g1 x150.7767 y15.713053 z0)
(Block-X: g1 x150.813491 y15.817252 z0)
(Block-X: g1 x150.853554 y15.920237 z0)
(Block-X: g1 x150.896847 y16.021907 z0)
(Block-X: g1 x150.943329 y16.122159 z0)
(Block-X: g1 x150.992952 y16.220894 z0)
(Block-X: g1 x151.045667 y16.318013 z0)
(Block-X: g1 x151.101422 y16.41342 z0)
(Block-X: g1 x151.160161 y16.507019 z0)
(Block-X: g1 x151.221826 y16.598717 z0)
(Block-X: g1 x151.286354 y16.688423 z0)
(Block-X: g1 x151.353683 y16.776047 z0)
(Block-X: g1 x151.423744 y16.861502 z0)
(Block-X: g1 x151.496467 y16.944702 z0)
(Block-X: g1 x151.571781 y17.025565 z0)
(Block-X: g1 x151.64961 y17.104011 z0)
(Block-X: g1 x151.729877 y17.17996 z0)
(Block-X: g1 x151.812501 y17.253338 z0)
(Block-X: g1 x151.897401 y17.32407 z0)
(Block-X: g1 x151.984491 y17.392087 z0)
(Block-X: g1 x152.073685 y17.457321 z0)
(Block-X: g1 x152.164894 y17.519707 z0)
(Block-X: g1 x152.258027 y17.579183 z0)
(Block-X: g1 x152.352991 y17.635688 z0)
(Block-X: g1 x152.449691 y17.689168 z0)
(Block-X: g1 x152.548032 y17.739568 z0)
(Block-X: g1 x152.647914 y17.786839 z0)
(Block-X: g1 x152.749239 y17.830933 z0)
(Block-X: g1 x152.851906 y17.871806 z0)
(Block-X: g1 x152.955811 y17.909418 z0)
(Block-X: g1 x153.060853 y17.943731 z0)
(Block-X: g1 x153.166925 y17.974711 z0)
(Block-X: g1 x153.273922 y18.002327 z0)
(Block-X: g1 x153.381738 y18.026552 z0)
(Block-X: g1 x153.490264 y18.04736 z0)
(Block-X: g1 x153.599394 y18.064733 z0)
(Block-X: g1 x153.709017 y18.078652 z0)
(Block-X: g1 x153.819026 y18.089103 z0)
(Block-X: g1 x153.929309 y18.096076 z0)
(Block-X: g1 x154.039758 y18.099564 z0)
(Block-X: g1 x154.150261 y18.099564 z0)
(Block-X: g1 x154.26071 y18.096075 z0)
(Block-X: g1 x154.370993 y18.089101 z0)
(Block-X: g1 x154.481001 y18.07865 z0)
(Block-X: g1 x154.590625 y18.06473 z0)
(Block-X: g1 x154.699754 y18.047357 z0)
(Block-X: g1 x154.808281 y18.026548 z0)
(Block-X: g1 x154.916096 y18.002323 z0)
(Block-X: g1 x155.023093 y17.974706 z0)
(Block-X: g1 x155.129165 y17.943726 z0)
(Block-X: g1 x155.234206 y17.909412 z0)
(Block-X: g1 x155.338112 y17.8718 z0)
(Block-X: g1 x155.440778 y17.830926 z0)
(Block-X: g1 x155.542103 y17.786831 z0)
(Block-X: g1 x155.641985 y17.73956 z0)
(Block-X: g1 x155.740325 y17.689159 z0)
(Block-X: g1 x155.837025 y17.635679 z0)
(Block-X: g1 x155.931989 y17.579173 z0)
(Block-X: g1 x156.025122 y17.519697 z0)
(Block-X: g1 x156.11633 y17.457311 z0)
(Block-X: g1 x156.205524 y17.392076 z0)
(Block-X: g1 x156.292614 y17.324058 z0)
(Block-X: g1 x156.377513 y17.253325 z0)
(Block-X: g1 x156.460137 y17.179947 z0)
(Block-X: g1 x156.540403 y17.103998 z0)
(Block-X: g1 x156.618232 y17.025552 z0)
(Block-X: g1 x156.693545 y16.944688 z0)
(Block-X: g1 x156.766268 y16.861487 z0)
(Block-X: g1 x156.836329 y16.776032 z0)
(Block-X: g1 x156.903657 y16.688408 z0)
(Block-X: g1 x156.968185 y16.598702 z0)
(Block-X: g1 x157.029849 y16.507004 z0)
(Block-X: g1 x157.088587 y16.413404 z0)
(Block-X: g1 x157.144342 y16.317997 z0)
(Block-X: g1 x157.197057 y16.220878 z0)
(Block-X: g1 x157.246679 y16.122143 z0)
(Block-X: g1 x157.29316 y16.02189 z0)
(Block-X: g1 x157.336453 y15.92022 z0)
(Block-X: g1 x157.376515 y15.817234 z0)
(Block-X: g1 x157.413306 y15.713035 z0)
(Block-X: g1 x157.446789 y15.607726 z0)
(Block-X: g1 x157.476931 y15.501413 z0)
(Block-X: g1 x157.503701 y15.394201 z0)
(Block-X: g1 x157.527074 y15.286198 z0)
(Block-X: g1 x157.547026 y15.17751 z0)
(Block-X: g1 x157.563536 y15.068247 z0)
(Block-X: g1 x157.57659 y14.958517 z0)
(Block-X: g1 x157.586172 y14.84843 z0)
(Block-X: g1 x157.592275 y14.738095 z0)
(Block-X: g1 x157.594891 y14.627622 z0)
(Block-X: g1 x157.594019 y14.517122 z0)
(Block-X: g1 x157.589658 y14.406704 z0)
(Block-X: g1 x157.581815 y14.29648 z0)
(Block-X: g1 x157.570495 y14.186557 z0)
(Block-X: g1 x157.555711 y14.077047 z0)
(Block-X: g1 x157.537477 y13.968058 z0)
(Block-X: g1 x157.515812 y13.859699 z0)
(Block-X: g1 x157.490737 y13.752078 z0)
(Block-X: g1 x157.462277 y13.645302 z0)
(Block-X: g1 x157.43046 y13.539478 z0)
(Block-X: g1 x157.395319 y13.434711 z0)
(Block-X: g1 x157.356887 y13.331106 z0)
(Block-X: g1 x157.315204 y13.228765 z0)
(Block-X: g1 x157.270311 y13.127792 z0)
(Block-X: g1 x157.222253 y13.028286 z0)
(Block-X: g1 x157.171078 y12.930346 z0)
(Block-X: g1 x157.116836 y12.834071 z0)
(Block-X: g1 x157.059583 y12.739556 z0)
(Block-X: g1 x156.999373 y12.646896 z0)
(Block-X: g1 x156.936269 y12.556183 z0)
(Block-X: g1 x156.870333 y12.467507 z0)
(Block-X: g1 x156.80163 y12.380956 z0)
(Block-X: g1 x156.730229 y12.296618 z0)
(Block-X: g1 x156.656201 y12.214576 z0)
(Block-X: g1 x156.57962 y12.134911 z0)
(Block-X: g1 x156.500563 y12.057704 z0)
(Block-X: g1 x156.419107 y11.983031 z0)
(Block-X: g1 x156.335335 y11.910967 z0)
(Block-X: g1 x156.24933 y11.841583 z0)
(Block-X: g1 x156.161177 y11.774949 z0)
(Block-X: g1 x156.070964 y11.711131 z0)
(Block-X: g1 x155.978782 y11.650192 z0)
(Block-X: g1 x155.884722 y11.592194 z0)
(Block-X: g1 x155.788878 y11.537195 z0)
(Block-X: g1 x155.691346 y11.485248 z0)
(Block-X: g1 x155.592222 y11.436406 z0)
(Block-X: g1 x155.491606 y11.390718 z0)
(Block-X: g1 x155.389598 y11.348229 z0)
(Block-X: g1 x155.286299 y11.308981 z0)
(Block-X: g1 x155.181812 y11.273013 z0)
(Block-X: g1 x155.076243 y11.240363 z0)
(Block-X: g1 x154.969695 y11.211061 z0)
(Block-X: g1 x154.862275 y11.185137 z0)
(Block-X: g1 x154.75409 y11.162617 z0)
(Block-X: g1 x154.645249 y11.143524 z0)
(Block-X: g1 x154.535859 y11.127876 z0)
(Block-X: g1 x154.426029 y11.11569 z0)
(Block-X: g1 x154.315869 y11.106976 z0)
(Block-X: g1 x154.20549 y11.101744 z0)
(Block-X: g1 x154.095 y11.1 z0)
(Block-X: [exiting])
(Block-X: g0 z3)
(Block-name: Shape2DView001)
(Block-expand: 0)
(Block-enable: 0)
(Block-X: g0 z3)
(Block-X: g0 x168.729983 y41.48)
(Block-X: g0 z0)
(Block-X: [entered])
(Block-X: g1 x168.627385 y41.48162 z0 f400)
(Block-X: g1 x168.52489 y41.486479 z0)
(Block-X: g1 x168.422599 y41.49457 z0)
(Block-X: g1 x168.320614 y41.505887 z0)
(Block-X: g1 x168.219038 y41.520418 z0)
(Block-X: g1 x168.117971 y41.538148 z0)
(Block-X: g1 x168.017514 y41.55906 z0)
(Block-X: g1 x167.917767 y41.583132 z0)
(Block-X: g1 x167.81883 y41.610342 z0)
(Block-X: g1 x167.720801 y41.640661 z0)
(Block-X: g1 x167.623778 y41.674059 z0)
(Block-X: g1 x167.527858 y41.710504 z0)
(Block-X: g1 x167.433136 y41.749959 z0)
(Block-X: g1 x167.339707 y41.792384 z0)
(Block-X: g1 x167.247663 y41.837738 z0)
(Block-X: g1 x167.157098 y41.885975 z0)
(Block-X: g1 x167.0681 y41.937047 z0)
(Block-X: g1 x166.980759 y41.990902 z0)
(Block-X: g1 x166.895162 y42.047488 z0)
(Block-X: g1 x166.811393 y42.106749 z0)
(Block-X: g1 x166.729537 y42.168624 z0)
(Block-X: g1 x166.649676 y42.233052 z0)
(Block-X: g1 x166.571887 y42.299969 z0)
(Block-X: g1 x166.496251 y42.369309 z0)
(Block-X: g1 x166.42284 y42.441001 z0)
(Block-X: g1 x166.35173 y42.514976 z0)
(Block-X: g1 x166.28299 y42.591158 z0)
(Block-X: g1 x166.21669 y42.669473 z0)
(Block-X: g1 x166.152895 y42.749841 z0)
(Block-X: g1 x166.091668 y42.832184 z0)
(Block-X: g1 x166.033072 y42.916418 z0)
(Block-X: g1 x165.977164 y43.00246 z0)
(Block-X: g1 x165.924 y43.090224 z0)
(Block-X: g1 x165.873634 y43.179622 z0)
(Block-X: g1 x165.826114 y43.270566 z0)
(Block-X: g1 x165.781489 y43.362965 z0)
(Block-X: g1 x165.739803 y43.456727 z0)
(Block-X: g1 x165.701099 y43.551757 z0)
(Block-X: g1 x165.665413 y43.647962 z0)
(Block-X: g1 x165.632782 y43.745246 z0)
(Block-X: g1 x165.603238 y43.843512 z0)
(Block-X: g1 x165.576812 y43.942661 z0)
(Block-X: g1 x165.553528 y44.042595 z0)
(Block-X: g1 x165.533411 y44.143214 z0)
(Block-X: g1 x165.51648 y44.244418 z0)
(Block-X: g1 x165.502753 y44.346106 z0)
(Block-X: g1 x165.492242 y44.448177 z0)
(Block-X: g1 x165.484959 y44.550528 z0)
(Block-X: g1 x165.480911 y44.653059 z0)
(Block-X: g1 x165.480101 y44.755666 z0)
(Block-X: g1 x165.482531 y44.858248 z0)
(Block-X: g1 x165.488199 y44.960702 z0)
(Block-X: g1 x165.497097 y45.062926 z0)
(Block-X: g1 x165.509219 y45.164818 z0)
(Block-X: g1 x165.52455 y45.266276 z0)
(Block-X: g1 x165.543077 y45.367201 z0)
(Block-X: g1 x165.564781 y45.467489 z0)
(Block-X: g1 x165.58964 y45.567043 z0)
(Block-X: g1 x165.61763 y45.665762 z0)
(Block-X: g1 x165.648722 y45.763549 z0)
(Block-X: g1 x165.682885 y45.860305 z0)
(Block-X: g1 x165.720086 y45.955935 z0)
(Block-X: g1 x165.760287 y46.050342 z0)
(Block-X: g1 x165.803448 y46.143434 z0)
(Block-X: g1 x165.849527 y46.235116 z0)
(Block-X: g1 x165.898477 y46.325298 z0)
(Block-X: g1 x165.950249 y46.41389 z0)
(Block-X: g1 x166.004793 y46.500804 z0)
(Block-X: g1 x166.062053 y46.585952 z0)
(Block-X: g1 x166.121972 y46.66925 z0)
(Block-X: g1 x166.184491 y46.750615 z0)
(Block-X: g1 x166.249548 y46.829966 z0)
(Block-X: g1 x166.317077 y46.907223 z0)
(Block-X: g1 x166.387011 y46.982311 z0)
(Block-X: g1 x166.459281 y47.055153 z0)
(Block-X: g1 x166.533814 y47.125677 z0)
(Block-X: g1 x166.610537 y47.193813 z0)
(Block-X: g1 x166.689372 y47.259494 z0)
(Block-X: g1 x166.770242 y47.322653 z0)
(Block-X: g1 x166.853065 y47.383227 z0)
(Block-X: g1 x166.937759 y47.441157 z0)
(Block-X: g1 x167.024239 y47.496384 z0)
(Block-X: g1 x167.11242 y47.548853 z0)
(Block-X: g1 x167.202213 y47.598513 z0)
(Block-X: g1 x167.293529 y47.645313 z0)
(Block-X: g1 x167.386278 y47.689208 z0)
(Block-X: g1 x167.480365 y47.730152 z0)
(Block-X: g1 x167.575698 y47.768106 z0)
(Block-X: g1 x167.672182 y47.803031 z0)
(Block-X: g1 x167.76972 y47.834893 z0)
(Block-X: g1 x167.868216 y47.863661 z0)
(Block-X: g1 x167.96757 y47.889304 z0)
(Block-X: g1 x168.067685 y47.911798 z0)
(Block-X: g1 x168.16846 y47.93112 z0)
(Block-X: g1 x168.269794 y47.947252 z0)
(Block-X: g1 x168.371588 y47.960177 z0)
(Block-X: g1 x168.473738 y47.969881 z0)
(Block-X: g1 x168.576144 y47.976356 z0)
(Block-X: g1 x168.678703 y47.979595 z0)
(Block-X: g1 x168.781314 y47.979595 z0)
(Block-X: g1 x168.883873 y47.976355 z0)
(Block-X: g1 x168.986279 y47.96988 z0)
(Block-X: g1 x169.08843 y47.960175 z0)
(Block-X: g1 x169.190223 y47.94725 z0)
(Block-X: g1 x169.291557 y47.931117 z0)
(Block-X: g1 x169.392332 y47.911794 z0)
(Block-X: g1 x169.492446 y47.8893 z0)
(Block-X: g1 x169.591801 y47.863656 z0)
(Block-X: g1 x169.690296 y47.834888 z0)
(Block-X: g1 x169.787834 y47.803026 z0)
(Block-X: g1 x169.884318 y47.7681 z0)
(Block-X: g1 x169.979651 y47.730145 z0)
(Block-X: g1 x170.073738 y47.6892 z0)
(Block-X: g1 x170.166486 y47.645306 z0)
(Block-X: g1 x170.257802 y47.598505 z0)
(Block-X: g1 x170.347595 y47.548845 z0)
(Block-X: g1 x170.435776 y47.496375 z0)
(Block-X: g1 x170.522256 y47.441147 z0)
(Block-X: g1 x170.606949 y47.383217 z0)
(Block-X: g1 x170.689772 y47.322642 z0)
(Block-X: g1 x170.770641 y47.259483 z0)
(Block-X: g1 x170.849476 y47.193802 z0)
(Block-X: g1 x170.926198 y47.125665 z0)
(Block-X: g1 x171.000731 y47.055141 z0)
(Block-X: g1 x171.073001 y46.982298 z0)
(Block-X: g1 x171.142935 y46.90721 z0)
(Block-X: g1 x171.210464 y46.829953 z0)
(Block-X: g1 x171.27552 y46.750601 z0)
(Block-X: g1 x171.338038 y46.669236 z0)
(Block-X: g1 x171.397957 y46.585938 z0)
(Block-X: g1 x171.455217 y46.500789 z0)
(Block-X: g1 x171.50976 y46.413875 z0)
(Block-X: g1 x171.561532 y46.325283 z0)
(Block-X: g1 x171.610481 y46.235101 z0)
(Block-X: g1 x171.656559 y46.143418 z0)
(Block-X: g1 x171.69972 y46.050326 z0)
(Block-X: g1 x171.739921 y45.955919 z0)
(Block-X: g1 x171.777121 y45.860289 z0)
(Block-X: g1 x171.811284 y45.763533 z0)
(Block-X: g1 x171.842375 y45.665746 z0)
(Block-X: g1 x171.870364 y45.567026 z0)
(Block-X: g1 x171.895223 y45.467472 z0)
(Block-X: g1 x171.916926 y45.367184 z0)
(Block-X: g1 x171.935452 y45.266259 z0)
(Block-X: g1 x171.950784 y45.164801 z0)
(Block-X: g1 x171.962905 y45.062909 z0)
(Block-X: g1 x171.971803 y44.960685 z0)
(Block-X: g1 x171.977469 y44.858231 z0)
(Block-X: g1 x171.979899 y44.755649 z0)
(Block-X: g1 x171.979089 y44.653042 z0)
(Block-X: g1 x171.97504 y44.550511 z0)
(Block-X: g1 x171.967756 y44.44816 z0)
(Block-X: g1 x171.957245 y44.346089 z0)
(Block-X: g1 x171.943517 y44.244401 z0)
(Block-X: g1 x171.926586 y44.143197 z0)
(Block-X: g1 x171.906468 y44.042578 z0)
(Block-X: g1 x171.883184 y43.942644 z0)
(Block-X: g1 x171.856757 y43.843495 z0)
(Block-X: g1 x171.827213 y43.74523 z0)
(Block-X: g1 x171.794581 y43.647946 z0)
(Block-X: g1 x171.758895 y43.551741 z0)
(Block-X: g1 x171.72019 y43.456711 z0)
(Block-X: g1 x171.678504 y43.362949 z0)
(Block-X: g1 x171.633878 y43.270551 z0)
(Block-X: g1 x171.586358 y43.179607 z0)
(Block-X: g1 x171.535991 y43.090209 z0)
(Block-X: g1 x171.482827 y43.002445 z0)
(Block-X: g1 x171.426918 y42.916404 z0)
(Block-X: g1 x171.368322 y42.83217 z0)
(Block-X: g1 x171.307095 y42.749828 z0)
(Block-X: g1 x171.243299 y42.66946 z0)
(Block-X: g1 x171.176998 y42.591146 z0)
(Block-X: g1 x171.108258 y42.514963 z0)
(Block-X: g1 x171.037148 y42.440989 z0)
(Block-X: g1 x170.963737 y42.369297 z0)
(Block-X: g1 x170.8881 y42.299958 z0)
(Block-X: g1 x170.810311 y42.233041 z0)
(Block-X: g1 x170.730449 y42.168613 z0)
(Block-X: g1 x170.648593 y42.106738 z0)
(Block-X: g1 x170.564824 y42.047479 z0)
(Block-X: g1 x170.479226 y41.990893 z0)
(Block-X: g1 x170.391885 y41.937038 z0)
(Block-X: g1 x170.302887 y41.885967 z0)
(Block-X: g1 x170.212321 y41.83773 z0)
(Block-X: g1 x170.120278 y41.792377 z0)
(Block-X: g1 x170.026848 y41.749952 z0)
(Block-X: g1 x169.932126 y41.710498 z0)
(Block-X: g1 x169.836206 y41.674054 z0)
(Block-X: g1 x169.739183 y41.640655 z0)
(Block-X: g1 x169.641154 y41.610337 z0)
(Block-X: g1 x169.542216 y41.583128 z0)
(Block-X: g1 x169.442469 y41.559056 z0)
(Block-X: g1 x169.342012 y41.538145 z0)
(Block-X: g1 x169.240945 y41.520415 z0)
(Block-X: g1 x169.139369 y41.505885 z0)
(Block-X: g1 x169.037384 y41.494569 z0)
(Block-X: g1 x168.935093 y41.486478 z0)
(Block-X: g1 x168.832598 y41.48162 z0)
(Block-X: g1 x168.73 y41.48 z0)
(Block-X: [exiting])
(Block-X: g0 z3)
(Block-name: Shape2DView001)
(Block-expand: 0)
(Block-enable: 0)
(Block-X: g0 z3)
(Block-X: g0 x163.7 y32)
(Block-X: g0 z0)
(Block-X: [entered])
(Block-X: g1 x165.7 y32 z0 f400)
(Block-X: g1 x165.747116 y31.99926 z0)
(Block-X: g1 x165.794186 y31.99704 z0)
(Block-X: g1 x165.841162 y31.993343 z0)
(Block-X: g1 x165.888 y31.988172 z0)
(Block-X: g1 x165.934652 y31.981533 z0)
(Block-X: g1 x165.981072 y31.973431 z0)
(Block-X: g1 x166.027215 y31.963875 z0)
(Block-X: g1 x166.073035 y31.952875 z0)
(Block-X: g1 x166.118487 y31.940441 z0)
(Block-X: g1 x166.163525 y31.926585 z0)
(Block-X: g1 x166.208107 y31.911321 z0)
(Block-X: g1 x166.252187 y31.894665 z0)
(Block-X: g1 x166.295722 y31.876632 z0)
(Block-X: g1 x166.338669 y31.857241 z0)
(Block-X: g1 x166.380986 y31.83651 z0)
(Block-X: g1 x166.42263 y31.81446 z0)
(Block-X: g1 x166.463562 y31.791113 z0)
(Block-X: g1 x166.50374 y31.766492 z0)
(Block-X: g1 x166.543125 y31.740621 z0)
(Block-X: g1 x166.581678 y31.713525 z0)
(Block-X: g1 x166.619361 y31.685233 z0)
(Block-X: g1 x166.656136 y31.65577 z0)
(Block-X: g1 x166.691968 y31.625167 z0)
(Block-X: g1 x166.726821 y31.593453 z0)
(Block-X: g1 x166.76066 y31.56066 z0)
(Block-X: g1 x166.793453 y31.526821 z0)
(Block-X: g1 x166.825167 y31.491968 z0)
(Block-X: g1 x166.85577 y31.456136 z0)
(Block-X: g1 x166.885233 y31.419361 z0)
(Block-X: g1 x166.913525 y31.381678 z0)
(Block-X: g1 x166.940621 y31.343125 z0)
(Block-X: g1 x166.966492 y31.30374 z0)
(Block-X: g1 x166.991113 y31.263562 z0)
(Block-X: g1 x167.01446 y31.222631 z0)
(Block-X: g1 x167.03651 y31.180986 z0)
(Block-X: g1 x167.057241 y31.138669 z0)
(Block-X: g1 x167.076632 y31.095722 z0)
(Block-X: g1 x167.094665 y31.052187 z0)
(Block-X: g1 x167.111321 y31.008107 z0)
(Block-X: g1 x167.126585 y30.963525 z0)
(Block-X: g1 x167.140441 y30.918487 z0)
(Block-X: g1 x167.152875 y30.873035 z0)
(Block-X: g1 x167.163875 y30.827215 z0)
(Block-X: g1 x167.173431 y30.781072 z0)
(Block-X: g1 x167.181533 y30.734652 z0)
(Block-X: g1 x167.188172 y30.688 z0)
(Block-X: g1 x167.193343 y30.641163 z0)
(Block-X: g1 x167.19704 y30.594186 z0)
(Block-X: g1 x167.19926 y30.547116 z0)
(Block-X: g1 x167.2 y30.5 z0)
(Block-X: g1 x167.19926 y30.452884 z0)
(Block-X: g1 x167.19704 y30.405814 z0)
(Block-X: g1 x167.193343 y30.358837 z0)
(Block-X: g1 x167.188172 y30.312 z0)
(Block-X: g1 x167.181533 y30.265348 z0)
(Block-X: g1 x167.173431 y30.218928 z0)
(Block-X: g1 x167.163875 y30.172785 z0)
(Block-X: g1 x167.152875 y30.126965 z0)
(Block-X: g1 x167.140441 y30.081513 z0)
(Block-X: g1 x167.126585 y30.036475 z0)
(Block-X: g1 x167.111321 y29.991893 z0)
(Block-X: g1 x167.094665 y29.947813 z0)
(Block-X: g1 x167.076632 y29.904278 z0)
(Block-X: g1 x167.057241 y29.861331 z0)
(Block-X: g1 x167.03651 y29.819014 z0)
(Block-X: g1 x167.01446 y29.777369 z0)
(Block-X: g1 x166.991113 y29.736438 z0)
(Block-X: g1 x166.966492 y29.69626 z0)
(Block-X: g1 x166.940621 y29.656875 z0)
(Block-X: g1 x166.913525 y29.618322 z0)
(Block-X: g1 x166.885233 y29.580639 z0)
(Block-X: g1 x166.85577 y29.543864 z0)
(Block-X: g1 x166.825167 y29.508032 z0)
(Block-X: g1 x166.793453 y29.473179 z0)
(Block-X: g1 x166.76066 y29.43934 z0)
(Block-X: g1 x166.726821 y29.406547 z0)
(Block-X: g1 x166.691968 y29.374833 z0)
(Block-X: g1 x166.656136 y29.34423 z0)
(Block-X: g1 x166.619361 y29.314767 z0)
(Block-X: g1 x166.581678 y29.286475 z0)
(Block-X: g1 x166.543125 y29.259379 z0)
(Block-X: g1 x166.50374 y29.233508 z0)
(Block-X: g1 x166.463562 y29.208887 z0)
(Block-X: g1 x166.42263 y29.18554 z0)
(Block-X: g1 x166.380986 y29.16349 z0)
(Block-X: g1 x166.338669 y29.142759 z0)
(Block-X: g1 x166.295722 y29.123368 z0)
(Block-X: g1 x166.252187 y29.105335 z0)
(Block-X: g1 x166.208107 y29.088679 z0)
(Block-X: g1 x166.163525 y29.073415 z0)
(Block-X: g1 x166.118487 y29.059559 z0)
(Block-X: g1 x166.073035 y29.047125 z0)
(Block-X: g1 x166.027215 y29.036125 z0)
(Block-X: g1 x165.981072 y29.026569 z0)
(Block-X: g1 x165.934652 y29.018467 z0)
(Block-X: g1 x165.888 y29.011828 z0)
(Block-X: g1 x165.841162 y29.006657 z0)
(Block-X: g1 x165.794186 y29.00296 z0)
(Block-X: g1 x165.747116 y29.00074 z0)
(Block-X: g1 x165.7 y29 z0)
(Block-X: g1 x163.7 y29 z0)
(Block-X: g1 x163.652408 y29.000755 z0)
(Block-X: g1 x163.604864 y29.00302 z0)
(Block-X: g1 x163.557416 y29.006792 z0)
(Block-X: g1 x163.510111 y29.012068 z0)
(Block-X: g1 x163.462998 y29.018842 z0)
(Block-X: g1 x163.416123 y29.027107 z0)
(Block-X: g1 x163.369534 y29.036855 z0)
(Block-X: g1 x163.323278 y29.048077 z0)
(Block-X: g1 x163.277401 y29.060761 z0)
(Block-X: g1 x163.23195 y29.074893 z0)
(Block-X: g1 x163.18697 y29.090461 z0)
(Block-X: g1 x163.142506 y29.107448 z0)
(Block-X: g1 x163.098604 y29.125837 z0)
(Block-X: g1 x163.055308 y29.14561 z0)
(Block-X: g1 x163.01266 y29.166747 z0)
(Block-X: g1 x162.970705 y29.189226 z0)
(Block-X: g1 x162.929484 y29.213025 z0)
(Block-X: g1 x162.889039 y29.23812 z0)
(Block-X: g1 x162.84941 y29.264485 z0)
(Block-X: g1 x162.810638 y29.292095 z0)
(Block-X: g1 x162.772762 y29.32092 z0)
(Block-X: g1 x162.735819 y29.350933 z0)
(Block-X: g1 x162.699847 y29.382103 z0)
(Block-X: g1 x162.664882 y29.414399 z0)
(Block-X: g1 x162.630959 y29.447788 z0)
(Block-X: g1 x162.598112 y29.482236 z0)
(Block-X: g1 x162.566376 y29.517709 z0)
(Block-X: g1 x162.53578 y29.554171 z0)
(Block-X: g1 x162.506357 y29.591586 z0)
(Block-X: g1 x162.478136 y29.629915 z0)
(Block-X: g1 x162.451145 y29.66912 z0)
(Block-X: g1 x162.425412 y29.709162 z0)
(Block-X: g1 x162.400962 y29.75 z0)
(Block-X: g1 x162.37782 y29.791593 z0)
(Block-X: g1 x162.356009 y29.8339 z0)
(Block-X: g1 x162.335552 y29.876877 z0)
(Block-X: g1 x162.316469 y29.920482 z0)
(Block-X: g1 x162.298778 y29.964671 z0)
(Block-X: g1 x162.282499 y30.009398 z0)
(Block-X: g1 x162.267647 y30.054619 z0)
(Block-X: g1 x162.254237 y30.100289 z0)
(Block-X: g1 x162.242283 y30.146362 z0)
(Block-X: g1 x162.231796 y30.19279 z0)
(Block-X: g1 x162.222788 y30.239528 z0)
(Block-X: g1 x162.215268 y30.286528 z0)
(Block-X: g1 x162.209242 y30.333743 z0)
(Block-X: g1 x162.204718 y30.381125 z0)
(Block-X: g1 x162.201699 y30.428627 z0)
(Block-X: g1 x162.200189 y30.476201 z0)
(Block-X: g1 x162.200189 y30.523799 z0)
(Block-X: g1 x162.201699 y30.571373 z0)
(Block-X: g1 x162.204718 y30.618875 z0)
(Block-X: g1 x162.209242 y30.666257 z0)
(Block-X: g1 x162.215268 y30.713472 z0)
(Block-X: g1 x162.222788 y30.760472 z0)
(Block-X: g1 x162.231796 y30.80721 z0)
(Block-X: g1 x162.242283 y30.853638 z0)
(Block-X: g1 x162.254237 y30.899711 z0)
(Block-X: g1 x162.267647 y30.945381 z0)
(Block-X: g1 x162.282499 y30.990602 z0)
(Block-X: g1 x162.298778 y31.035329 z0)
(Block-X: g1 x162.316469 y31.079518 z0)
(Block-X: g1 x162.335552 y31.123123 z0)
(Block-X: g1 x162.356009 y31.1661 z0)
(Block-X: g1 x162.37782 y31.208407 z0)
(Block-X: g1 x162.400962 y31.25 z0)
(Block-X: g1 x162.425412 y31.290838 z0)
(Block-X: g1 x162.451145 y31.33088 z0)
(Block-X: g1 x162.478136 y31.370085 z0)
(Block-X: g1 x162.506357 y31.408414 z0)
(Block-X: g1 x162.53578 y31.445829 z0)
(Block-X: g1 x162.566376 y31.482291 z0)
(Block-X: g1 x162.598112 y31.517764 z0)
(Block-X: g1 x162.630959 y31.552212 z0)
(Block-X: g1 x162.664882 y31.585601 z0)
(Block-X: g1 x162.699847 y31.617897 z0)
(Block-X: g1 x162.735819 y31.649067 z0)
(Block-X: g1 x162.772762 y31.67908 z0)
(Block-X: g1 x162.810638 y31.707905 z0)
(Block-X: g1 x162.84941 y31.735515 z0)
(Block-X: g1 x162.889039 y31.76188 z0)
(Block-X: g1 x162.929484 y31.786975 z0)
(Block-X: g1 x162.970705 y31.810774 z0)
(Block-X: g1 x163.01266 y31.833253 z0)
(Block-X: g1 x163.055308 y31.85439 z0)
(Block-X: g1 x163.098604 y31.874163 z0)
(Block-X: g1 x163.142506 y31.892552 z0)
(Block-X: g1 x163.18697 y31.909539 z0)
(Block-X: g1 x163.23195 y31.925107 z0)
(Block-X: g1 x163.277401 y31.939239 z0)
(Block-X: g1 x163.323278 y31.951923 z0)
(Block-X: g1 x163.369534 y31.963145 z0)
(Block-X: g1 x163.416123 y31.972893 z0)
(Block-X: g1 x163.462998 y31.981158 z0)
(Block-X: g1 x163.510111 y31.987932 z0)
(Block-X: g1 x163.557416 y31.993208 z0)
(Block-X: g1 x163.604864 y31.99698 z0)
(Block-X: g1 x163.652408 y31.999245 z0)
(Block-X: g1 x163.7 y32 z0)
(Block-X: [exiting])
(Block-X: g0 z3)
(Block-name: Shape2DView001)
(Block-expand: 0)
(Block-enable: 0)
(Block-X: g0 z3)
(Block-X: g0 x82 y6.5)
(Block-X: g0 z0)
(Block-X: [entered])
(Block-X: g1 x84 y6.5 z0 f400)
(Block-X: g1 x84.047116 y6.49926 z0)
(Block-X: g1 x84.094186 y6.49704 z0)
(Block-X: g1 x84.141162 y6.493343 z0)
(Block-X: g1 x84.188 y6.488172 z0)
(Block-X: g1 x84.234652 y6.481533 z0)
(Block-X: g1 x84.281072 y6.473431 z0)
(Block-X: g1 x84.327215 y6.463875 z0)
(Block-X: g1 x84.373035 y6.452875 z0)
(Block-X: g1 x84.418487 y6.440441 z0)
(Block-X: g1 x84.463526 y6.426585 z0)
(Block-X: g1 x84.508107 y6.411321 z0)
(Block-X: g1 x84.552187 y6.394665 z0)
(Block-X: g1 x84.595722 y6.376632 z0)
(Block-X: g1 x84.638669 y6.357241 z0)
(Block-X: g1 x84.680986 y6.33651 z0)
(Block-X: g1 x84.72263 y6.31446 z0)
(Block-X: g1 x84.763562 y6.291113 z0)
(Block-X: g1 x84.80374 y6.266492 z0)
(Block-X: g1 x84.843125 y6.240621 z0)
(Block-X: g1 x84.881678 y6.213526 z0)
(Block-X: g1 x84.919361 y6.185232 z0)
(Block-X: g1 x84.956136 y6.15577 z0)
(Block-X: g1 x84.991968 y6.125167 z0)
(Block-X: g1 x85.026821 y6.093453 z0)
(Block-X: g1 x85.06066 y6.06066 z0)
(Block-X: g1 x85.093453 y6.026821 z0)
(Block-X: g1 x85.125167 y5.991968 z0)
(Block-X: g1 x85.15577 y5.956136 z0)
(Block-X: g1 x85.185232 y5.919361 z0)
(Block-X: g1 x85.213526 y5.881678 z0)
(Block-X: g1 x85.240621 y5.843125 z0)
(Block-X: g1 x85.266492 y5.80374 z0)
(Block-X: g1 x85.291113 y5.763562 z0)
(Block-X: g1 x85.31446 y5.722631 z0)
(Block-X: g1 x85.33651 y5.680986 z0)
(Block-X: g1 x85.357241 y5.638669 z0)
(Block-X: g1 x85.376632 y5.595722 z0)
(Block-X: g1 x85.394665 y5.552187 z0)
(Block-X: g1 x85.411321 y5.508107 z0)
(Block-X: g1 x85.426585 y5.463526 z0)
(Block-X: g1 x85.44044 y5.418487 z0)
(Block-X: g1 x85.452875 y5.373035 z0)
(Block-X: g1 x85.463875 y5.327215 z0)
(Block-X: g1 x85.473431 y5.281072 z0)
(Block-X: g1 x85.481533 y5.234652 z0)
(Block-X: g1 x85.488172 y5.188 z0)
(Block-X: g1 x85.493343 y5.141163 z0)
(Block-X: g1 x85.49704 y5.094186 z0)
(Block-X: g1 x85.49926 y5.047116 z0)
(Block-X: g1 x85.5 y5 z0)
(Block-X: g1 x85.49926 y4.952884 z0)
(Block-X: g1 x85.49704 y4.905814 z0)
(Block-X: g1 x85.493343 y4.858837 z0)
(Block-X: g1 x85.488172 y4.812 z0)
(Block-X: g1 x85.481533 y4.765348 z0)
(Block-X: g1 x85.473431 y4.718928 z0)
(Block-X: g1 x85.463875 y4.672785 z0)
(Block-X: g1 x85.452875 y4.626965 z0)
(Block-X: g1 x85.44044 y4.581513 z0)
(Block-X: g1 x85.426585 y4.536474 z0)
(Block-X: g1 x85.411321 y4.491893 z0)
(Block-X: g1 x85.394665 y4.447813 z0)
(Block-X: g1 x85.376632 y4.404278 z0)
(Block-X: g1 x85.357241 y4.361331 z0)
(Block-X: g1 x85.33651 y4.319014 z0)
(Block-X: g1 x85.31446 y4.277369 z0)
(Block-X: g1 x85.291113 y4.236438 z0)
(Block-X: g1 x85.266492 y4.19626 z0)
(Block-X: g1 x85.240621 y4.156875 z0)
(Block-X: g1 x85.213526 y4.118322 z0)
(Block-X: g1 x85.185232 y4.080639 z0)
(Block-X: g1 x85.15577 y4.043864 z0)
(Block-X: g1 x85.125167 y4.008032 z0)
(Block-X: g1 x85.093453 y3.973179 z0)
(Block-X: g1 x85.06066 y3.93934 z0)
(Block-X: g1 x85.026821 y3.906547 z0)
(Block-X: g1 x84.991968 y3.874833 z0)
(Block-X: g1 x84.956136 y3.84423 z0)
(Block-X: g1 x84.919361 y3.814767 z0)
(Block-X: g1 x84.881678 y3.786475 z0)
(Block-X: g1 x84.843125 y3.759379 z0)
(Block-X: g1 x84.80374 y3.733508 z0)
(Block-X: g1 x84.763562 y3.708887 z0)
(Block-X: g1 x84.72263 y3.68554 z0)
(Block-X: g1 x84.680986 y3.66349 z0)
(Block-X: g1 x84.638669 y3.642759 z0)
(Block-X: g1 x84.595722 y3.623368 z0)
(Block-X: g1 x84.552187 y3.605335 z0)
(Block-X: g1 x84.508107 y3.588679 z0)
(Block-X: g1 x84.463526 y3.573415 z0)
(Block-X: g1 x84.418487 y3.55956 z0)
(Block-X: g1 x84.373035 y3.547125 z0)
(Block-X: g1 x84.327215 y3.536125 z0)
(Block-X: g1 x84.281072 y3.526569 z0)
(Block-X: g1 x84.234652 y3.518467 z0)
(Block-X: g1 x84.188 y3.511828 z0)
(Block-X: g1 x84.141162 y3.506657 z0)
(Block-X: g1 x84.094186 y3.50296 z0)
(Block-X: g1 x84.047116 y3.50074 z0)
(Block-X: g1 x84 y3.5 z0)
(Block-X: g1 x82 y3.5 z0)
(Block-X: g1 x81.952408 y3.500755 z0)
(Block-X: g1 x81.904864 y3.50302 z0)
(Block-X: g1 x81.857416 y3.506792 z0)
(Block-X: g1 x81.810111 y3.512068 z0)
(Block-X: g1 x81.762998 y3.518842 z0)
(Block-X: g1 x81.716123 y3.527107 z0)
(Block-X: g1 x81.669534 y3.536855 z0)
(Block-X: g1 x81.623278 y3.548077 z0)
(Block-X: g1 x81.577401 y3.560761 z0)
(Block-X: g1 x81.53195 y3.574893 z0)
(Block-X: g1 x81.48697 y3.590461 z0)
(Block-X: g1 x81.442506 y3.607448 z0)
(Block-X: g1 x81.398604 y3.625837 z0)
(Block-X: g1 x81.355308 y3.64561 z0)
(Block-X: g1 x81.31266 y3.666747 z0)
(Block-X: g1 x81.270705 y3.689226 z0)
(Block-X: g1 x81.229484 y3.713025 z0)
(Block-X: g1 x81.189039 y3.73812 z0)
(Block-X: g1 x81.14941 y3.764485 z0)
(Block-X: g1 x81.110638 y3.792095 z0)
(Block-X: g1 x81.072761 y3.82092 z0)
(Block-X: g1 x81.035819 y3.850933 z0)
(Block-X: g1 x80.999847 y3.882103 z0)
(Block-X: g1 x80.964882 y3.914399 z0)
(Block-X: g1 x80.930959 y3.947788 z0)
(Block-X: g1 x80.898112 y3.982236 z0)
(Block-X: g1 x80.866376 y4.017709 z0)
(Block-X: g1 x80.83578 y4.054171 z0)
(Block-X: g1 x80.806357 y4.091585 z0)
(Block-X: g1 x80.778136 y4.129915 z0)
(Block-X: g1 x80.751145 y4.16912 z0)
(Block-X: g1 x80.725412 y4.209162 z0)
(Block-X: g1 x80.700962 y4.25 z0)
(Block-X: g1 x80.67782 y4.291593 z0)
(Block-X: g1 x80.656009 y4.3339 z0)
(Block-X: g1 x80.635552 y4.376877 z0)
(Block-X: g1 x80.616469 y4.420482 z0)
(Block-X: g1 x80.598778 y4.464671 z0)
(Block-X: g1 x80.582499 y4.509398 z0)
(Block-X: g1 x80.567647 y4.554619 z0)
(Block-X: g1 x80.554237 y4.600289 z0)
(Block-X: g1 x80.542283 y4.646362 z0)
(Block-X: g1 x80.531796 y4.69279 z0)
(Block-X: g1 x80.522788 y4.739528 z0)
(Block-X: g1 x80.515268 y4.786528 z0)
(Block-X: g1 x80.509242 y4.833743 z0)
(Block-X: g1 x80.504718 y4.881125 z0)
(Block-X: g1 x80.501699 y4.928627 z0)
(Block-X: g1 x80.500189 y4.976201 z0)
(Block-X: g1 x80.500189 y5.023799 z0)
(Block-X: g1 x80.501699 y5.071373 z0)
(Block-X: g1 x80.504718 y5.118875 z0)
(Block-X: g1 x80.509242 y5.166257 z0)
(Block-X: g1 x80.515268 y5.213472 z0)
(Block-X: g1 x80.522788 y5.260472 z0)
(Block-X: g1 x80.531796 y5.30721 z0)
(Block-X: g1 x80.542283 y5.353638 z0)
(Block-X: g1 x80.554237 y5.399711 z0)
(Block-X: g1 x80.567647 y5.445381 z0)
(Block-X: g1 x80.582499 y5.490602 z0)
(Block-X: g1 x80.598778 y5.535329 z0)
(Block-X: g1 x80.616469 y5.579518 z0)
(Block-X: g1 x80.635552 y5.623123 z0)
(Block-X: g1 x80.656009 y5.6661 z0)
(Block-X: g1 x80.67782 y5.708407 z0)
(Block-X: g1 x80.700962 y5.75 z0)
(Block-X: g1 x80.725412 y5.790838 z0)
(Block-X: g1 x80.751145 y5.83088 z0)
(Block-X: g1 x80.778136 y5.870085 z0)
(Block-X: g1 x80.806357 y5.908415 z0)
(Block-X: g1 x80.83578 y5.945829 z0)
(Block-X: g1 x80.866376 y5.982291 z0)
(Block-X: g1 x80.898112 y6.017764 z0)
(Block-X: g1 x80.930959 y6.052212 z0)
(Block-X: g1 x80.964882 y6.085601 z0)
(Block-X: g1 x80.999847 y6.117897 z0)
(Block-X: g1 x81.035819 y6.149067 z0)
(Block-X: g1 x81.072761 y6.17908 z0)
(Block-X: g1 x81.110638 y6.207905 z0)
(Block-X: g1 x81.14941 y6.235515 z0)
(Block-X: g1 x81.189039 y6.26188 z0)
(Block-X: g1 x81.229484 y6.286975 z0)
(Block-X: g1 x81.270705 y6.310774 z0)
(Block-X: g1 x81.31266 y6.333253 z0)
(Block-X: g1 x81.355308 y6.35439 z0)
(Block-X: g1 x81.398604 y6.374163 z0)
(Block-X: g1 x81.442506 y6.392552 z0)
(Block-X: g1 x81.48697 y6.409539 z0)
(Block-X: g1 x81.53195 y6.425107 z0)
(Block-X: g1 x81.577401 y6.43924 z0)
(Block-X: g1 x81.623278 y6.451923 z0)
(Block-X: g1 x81.669534 y6.463145 z0)
(Block-X: g1 x81.716123 y6.472893 z0)
(Block-X: g1 x81.762998 y6.481158 z0)
(Block-X: g1 x81.810111 y6.487932 z0)
(Block-X: g1 x81.857416 y6.493208 z0)
(Block-X: g1 x81.904864 y6.49698 z0)
(Block-X: g1 x81.952408 y6.499245 z0)
(Block-X: g1 x82 y6.5 z0)
(Block-X: [exiting])
(Block-X: g0 z3)
(Block-name: Shape2DView001)
(Block-expand: 0)
(Block-enable: 0)
(Block-X: g0 z3)
(Block-X: g0 x90.999989 y3)
(Block-X: g0 z0)
(Block-X: [entered])
(Block-X: g1 x90.936852 y3.000997 z0 f400)
(Block-X: g1 x90.873778 y3.003987 z0)
(Block-X: g1 x90.81083 y3.008966 z0)
(Block-X: g1 x90.74807 y3.015931 z0)
(Block-X: g1 x90.685562 y3.024872 z0)
(Block-X: g1 x90.623367 y3.035783 z0)
(Block-X: g1 x90.561547 y3.048652 z0)
(Block-X: g1 x90.500164 y3.063466 z0)
(Block-X: g1 x90.43928 y3.08021 z0)
(Block-X: g1 x90.378954 y3.098868 z0)
(Block-X: g1 x90.319248 y3.119421 z0)
(Block-X: g1 x90.26022 y3.141849 z0)
(Block-X: g1 x90.20193 y3.166129 z0)
(Block-X: g1 x90.144435 y3.192237 z0)
(Block-X: g1 x90.087793 y3.220147 z0)
(Block-X: g1 x90.03206 y3.249831 z0)
(Block-X: g1 x89.977292 y3.281259 z0)
(Block-X: g1 x89.923544 y3.314401 z0)
(Block-X: g1 x89.870869 y3.349224 z0)
(Block-X: g1 x89.819319 y3.385691 z0)
(Block-X: g1 x89.768946 y3.423768 z0)
(Block-X: g1 x89.7198 y3.463417 z0)
(Block-X: g1 x89.671931 y3.504596 z0)
(Block-X: g1 x89.625385 y3.547267 z0)
(Block-X: g1 x89.580209 y3.591385 z0)
(Block-X: g1 x89.536449 y3.636908 z0)
(Block-X: g1 x89.494148 y3.68379 z0)
(Block-X: g1 x89.453348 y3.731983 z0)
(Block-X: g1 x89.414089 y3.781441 z0)
(Block-X: g1 x89.376411 y3.832113 z0)
(Block-X: g1 x89.340352 y3.883949 z0)
(Block-X: g1 x89.305947 y3.936898 z0)
(Block-X: g1 x89.273231 y3.990907 z0)
(Block-X: g1 x89.242236 y4.045922 z0)
(Block-X: g1 x89.212993 y4.101887 z0)
(Block-X: g1 x89.185532 y4.158748 z0)
(Block-X: g1 x89.159879 y4.216447 z0)
(Block-X: g1 x89.136061 y4.274928 z0)
(Block-X: g1 x89.1141 y4.334131 z0)
(Block-X: g1 x89.09402 y4.393998 z0)
(Block-X: g1 x89.075839 y4.454469 z0)
(Block-X: g1 x89.059576 y4.515484 z0)
(Block-X: g1 x89.045248 y4.576981 z0)
(Block-X: g1 x89.032868 y4.638901 z0)
(Block-X: g1 x89.022449 y4.70118 z0)
(Block-X: g1 x89.014002 y4.763757 z0)
(Block-X: g1 x89.007534 y4.82657 z0)
(Block-X: g1 x89.003052 y4.889556 z0)
(Block-X: g1 x89.000561 y4.952652 z0)
(Block-X: g1 x89.000062 y5.015795 z0)
(Block-X: g1 x89.001558 y5.078922 z0)
(Block-X: g1 x89.005045 y5.14197 z0)
(Block-X: g1 x89.010521 y5.204877 z0)
(Block-X: g1 x89.017981 y5.26758 z0)
(Block-X: g1 x89.027416 y5.330016 z0)
(Block-X: g1 x89.038817 y5.392123 z0)
(Block-X: g1 x89.052173 y5.45384 z0)
(Block-X: g1 x89.067471 y5.515103 z0)
(Block-X: g1 x89.084695 y5.575854 z0)
(Block-X: g1 x89.103829 y5.63603 z0)
(Block-X: g1 x89.124852 y5.695572 z0)
(Block-X: g1 x89.147745 y5.754421 z0)
(Block-X: g1 x89.172484 y5.812518 z0)
(Block-X: g1 x89.199045 y5.869805 z0)
(Block-X: g1 x89.227401 y5.926225 z0)
(Block-X: g1 x89.257524 y5.981722 z0)
(Block-X: g1 x89.289384 y6.03624 z0)
(Block-X: g1 x89.322949 y6.089725 z0)
(Block-X: g1 x89.358186 y6.142124 z0)
(Block-X: g1 x89.39506 y6.193384 z0)
(Block-X: g1 x89.433533 y6.243455 z0)
(Block-X: g1 x89.473568 y6.292287 z0)
(Block-X: g1 x89.515124 y6.33983 z0)
(Block-X: g1 x89.558161 y6.386037 z0)
(Block-X: g1 x89.602634 y6.430863 z0)
(Block-X: g1 x89.648501 y6.474263 z0)
(Block-X: g1 x89.695715 y6.516193 z0)
(Block-X: g1 x89.744229 y6.556611 z0)
(Block-X: g1 x89.793995 y6.595478 z0)
(Block-X: g1 x89.844963 y6.632755 z0)
(Block-X: g1 x89.897082 y6.668404 z0)
(Block-X: g1 x89.950301 y6.70239 z0)
(Block-X: g1 x90.004566 y6.734679 z0)
(Block-X: g1 x90.059823 y6.765239 z0)
(Block-X: g1 x90.116018 y6.794039 z0)
(Block-X: g1 x90.173094 y6.821051 z0)
(Block-X: g1 x90.230994 y6.846247 z0)
(Block-X: g1 x90.28966 y6.869604 z0)
(Block-X: g1 x90.349035 y6.891096 z0)
(Block-X: g1 x90.409059 y6.910704 z0)
(Block-X: g1 x90.469671 y6.928407 z0)
(Block-X: g1 x90.530812 y6.944187 z0)
(Block-X: g1 x90.592422 y6.95803 z0)
(Block-X: g1 x90.654437 y6.96992 z0)
(Block-X: g1 x90.716797 y6.979847 z0)
(Block-X: g1 x90.779438 y6.987801 z0)
(Block-X: g1 x90.8423 y6.993773 z0)
(Block-X: g1 x90.905319 y6.997758 z0)
(Block-X: g1 x90.968433 y6.999751 z0)
(Block-X: g1 x91.031578 y6.999751 z0)
(Block-X: g1 x91.094691 y6.997757 z0)
(Block-X: g1 x91.15771 y6.993772 z0)
(Block-X: g1 x91.220572 y6.9878 z0)
(Block-X: g1 x91.283214 y6.979846 z0)
(Block-X: g1 x91.345574 y6.969919 z0)
(Block-X: g1 x91.407589 y6.958027 z0)
(Block-X: g1 x91.469198 y6.944185 z0)
(Block-X: g1 x91.530339 y6.928404 z0)
(Block-X: g1 x91.590952 y6.9107 z0)
(Block-X: g1 x91.650975 y6.891093 z0)
(Block-X: g1 x91.71035 y6.8696 z0)
(Block-X: g1 x91.769016 y6.846243 z0)
(Block-X: g1 x91.826916 y6.821046 z0)
(Block-X: g1 x91.883991 y6.794034 z0)
(Block-X: g1 x91.940186 y6.765234 z0)
(Block-X: g1 x91.995443 y6.734674 z0)
(Block-X: g1 x92.049708 y6.702384 z0)
(Block-X: g1 x92.102927 y6.668398 z0)
(Block-X: g1 x92.155046 y6.632749 z0)
(Block-X: g1 x92.206014 y6.595472 z0)
(Block-X: g1 x92.255779 y6.556605 z0)
(Block-X: g1 x92.304293 y6.516186 z0)
(Block-X: g1 x92.351507 y6.474256 z0)
(Block-X: g1 x92.397373 y6.430856 z0)
(Block-X: g1 x92.441847 y6.38603 z0)
(Block-X: g1 x92.484883 y6.339822 z0)
(Block-X: g1 x92.526439 y6.292279 z0)
(Block-X: g1 x92.566474 y6.243447 z0)
(Block-X: g1 x92.604947 y6.193376 z0)
(Block-X: g1 x92.64182 y6.142115 z0)
(Block-X: g1 x92.677057 y6.089716 z0)
(Block-X: g1 x92.710621 y6.036231 z0)
(Block-X: g1 x92.742481 y5.981713 z0)
(Block-X: g1 x92.772604 y5.926216 z0)
(Block-X: g1 x92.80096 y5.869796 z0)
(Block-X: g1 x92.82752 y5.812509 z0)
(Block-X: g1 x92.852259 y5.754412 z0)
(Block-X: g1 x92.875151 y5.695563 z0)
(Block-X: g1 x92.896175 y5.63602 z0)
(Block-X: g1 x92.915308 y5.575844 z0)
(Block-X: g1 x92.932532 y5.515093 z0)
(Block-X: g1 x92.947829 y5.453829 z0)
(Block-X: g1 x92.961185 y5.392113 z0)
(Block-X: g1 x92.972586 y5.330006 z0)
(Block-X: g1 x92.982021 y5.26757 z0)
(Block-X: g1 x92.98948 y5.204867 z0)
(Block-X: g1 x92.994956 y5.14196 z0)
(Block-X: g1 x92.998443 y5.078911 z0)
(Block-X: g1 x92.999938 y5.015784 z0)
(Block-X: g1 x92.999439 y4.952641 z0)
(Block-X: g1 x92.996948 y4.889545 z0)
(Block-X: g1 x92.992465 y4.82656 z0)
(Block-X: g1 x92.985997 y4.763747 z0)
(Block-X: g1 x92.977549 y4.70117 z0)
(Block-X: g1 x92.96713 y4.63889 z0)
(Block-X: g1 x92.95475 y4.576971 z0)
(Block-X: g1 x92.940421 y4.515473 z0)
(Block-X: g1 x92.924158 y4.454459 z0)
(Block-X: g1 x92.905977 y4.393988 z0)
(Block-X: g1 x92.885896 y4.334121 z0)
(Block-X: g1 x92.863935 y4.274918 z0)
(Block-X: g1 x92.840117 y4.216437 z0)
(Block-X: g1 x92.814464 y4.158738 z0)
(Block-X: g1 x92.787002 y4.101877 z0)
(Block-X: g1 x92.757759 y4.045912 z0)
(Block-X: g1 x92.726764 y3.990898 z0)
(Block-X: g1 x92.694047 y3.936889 z0)
(Block-X: g1 x92.659642 y3.883941 z0)
(Block-X: g1 x92.623582 y3.832104 z0)
(Block-X: g1 x92.585904 y3.781433 z0)
(Block-X: g1 x92.546646 y3.731975 z0)
(Block-X: g1 x92.505845 y3.683782 z0)
(Block-X: g1 x92.463544 y3.6369 z0)
(Block-X: g1 x92.419783 y3.591378 z0)
(Block-X: g1 x92.374607 y3.54726 z0)
(Block-X: g1 x92.328061 y3.504589 z0)
(Block-X: g1 x92.280192 y3.46341 z0)
(Block-X: g1 x92.231046 y3.423762 z0)
(Block-X: g1 x92.180673 y3.385685 z0)
(Block-X: g1 x92.129122 y3.349218 z0)
(Block-X: g1 x92.076447 y3.314396 z0)
(Block-X: g1 x92.022698 y3.281254 z0)
(Block-X: g1 x91.96793 y3.249826 z0)
(Block-X: g1 x91.912198 y3.220142 z0)
(Block-X: g1 x91.855555 y3.192232 z0)
(Block-X: g1 x91.798061 y3.166125 z0)
(Block-X: g1 x91.73977 y3.141845 z0)
(Block-X: g1 x91.680742 y3.119418 z0)
(Block-X: g1 x91.621036 y3.098865 z0)
(Block-X: g1 x91.56071 y3.080207 z0)
(Block-X: g1 x91.499826 y3.063463 z0)
(Block-X: g1 x91.438443 y3.04865 z0)
(Block-X: g1 x91.376623 y3.035781 z0)
(Block-X: g1 x91.314428 y3.024871 z0)
(Block-X: g1 x91.251919 y3.015929 z0)
(Block-X: g1 x91.18916 y3.008965 z0)
(Block-X: g1 x91.126211 y3.003986 z0)
(Block-X: g1 x91.063137 y3.000997 z0)
(Block-X: g1 x91 y3 z0)
(Block-X: [exiting])
(Block-X: g0 z3)
(Block-name: Footer)
(Block-expand: 0)
(Block-enable: 1)
G0 Z10
M5
